timestamp,source_ip,destination_ip,protocol,bytes_sent,bytes_received,connection_duration,attack_type
2026-06-24 10:08:00,24.181.125.13,10.0.46.143,TCP,363.74,754.52,5.222,Normal
2026-06-24 10:08:37,186.247.154.249,10.0.17.161,TCP,806.6,2050.17,7.422,Normal
2026-06-24 10:12:42,49.132.169.67,10.0.195.163,HTTPS,1174.79,1547.04,6.569,Normal
2026-06-24 10:13:03,45.69.96.239,10.0.84.156,TCP,61.2,1032.84,8.434,Normal
2026-06-24 10:14:03,193.214.27.152,10.0.97.204,HTTP,539.45,1260.1,4.148,Normal
2026-06-24 10:16:45,24.253.146.115,10.0.39.74,TCP,1.0,1945.7,5.41,Normal
2026-06-24 10:16:50,71.215.238.249,10.0.5.190,HTTPS,456.32,877.4,6.628,Normal
2026-06-24 10:19:34,192.253.46.119,10.0.33.220,HTTP,55.44,1615.12,10.249,Normal
2026-06-24 10:21:40,213.185.226.111,10.0.72.130,HTTP,267.34,403.24,6.6,Normal
2026-06-24 10:23:56,65.230.132.48,10.0.86.189,UDP,449.37,997.54,5.322,Normal
2026-06-24 10:26:18,41.129.172.95,10.0.67.129,HTTPS,845.5,1642.1,3.612,Normal
2026-06-24 10:27:22,2.104.231.10,10.0.18.173,TCP,1146.33,1628.08,6.766,Normal
2026-06-24 10:31:40,41.100.27.179,10.0.111.162,HTTP,724.8,1059.02,5.032,Normal
2026-06-24 10:31:55,116.142.109.75,10.0.152.161,UDP,1.0,1820.27,1.453,Normal
2026-06-24 10:33:38,184.156.85.159,10.0.170.173,HTTPS,688.16,1193.23,6.439,Normal
2026-06-24 10:36:41,194.30.64.25,10.0.179.60,HTTP,835.84,1797.56,3.186,Normal
2026-06-24 10:37:21,72.143.154.126,10.0.120.15,UDP,687.76,299.6,1.924,Normal
2026-06-24 10:38:56,87.220.54.199,10.0.143.193,UDP,1495.86,910.66,7.998,Normal
2026-06-24 10:39:04,165.219.134.164,10.0.188.176,TCP,406.0,926.68,0.841,Normal
2026-06-24 10:41:58,168.162.234.229,10.0.129.28,HTTPS,836.52,1772.78,7.427,Normal
2026-06-24 10:42:01,9.29.166.27,10.0.86.150,HTTP,820.68,1488.62,6.523,Normal
2026-06-24 10:47:59,215.208.111.128,10.0.114.202,UDP,180.3,893.5,1.779,Normal
2026-06-24 10:48:52,133.234.94.214,10.0.136.224,HTTP,1045.86,1953.1,5.925,Normal
2026-06-24 10:49:11,178.75.98.99,10.0.11.188,HTTP,643.52,876.77,1.672,Normal
2026-06-24 10:50:36,217.243.222.116,10.0.49.157,UDP,1079.13,1266.37,5.004,Normal
2026-06-24 10:51:16,200.196.26.159,10.0.168.132,UDP,580.74,1096.49,0.01,Normal
2026-06-24 10:57:50,6.140.64.216,10.0.43.162,TCP,802.13,2269.14,7.251,Normal
2026-06-24 10:58:09,8.154.126.18,10.0.67.114,HTTP,732.17,370.36,4.736,Normal
2026-06-24 10:58:18,198.192.233.155,10.0.216.44,HTTP,157.98,2042.08,3.977,Normal
2026-06-24 10:59:28,152.116.55.203,10.0.30.56,TCP,272.39,1207.15,10.944,Normal
2026-06-24 11:00:06,214.120.137.127,10.0.21.158,HTTPS,1923.83,929.17,5.216,Normal
2026-06-24 11:04:03,29.1.127.251,10.0.56.112,HTTPS,942.7,1017.31,6.339,Normal
2026-06-24 11:05:11,218.104.75.103,10.0.213.46,HTTP,907.34,1635.19,6.726,Normal
2026-06-24 11:05:23,141.113.72.64,10.0.54.110,TCP,427.76,1039.49,9.813,Normal
2026-06-24 11:06:09,193.159.254.120,10.0.156.113,TCP,514.05,1987.22,4.054,Normal
2026-06-24 11:07:13,98.224.187.182,10.0.221.47,UDP,939.28,1040.68,5.985,Normal
2026-06-24 11:08:50,37.51.115.23,10.0.102.218,TCP,771.99,977.15,8.247,Normal
2026-06-24 11:09:18,116.42.20.65,10.0.115.41,TCP,118.4,700.18,3.327,Normal
2026-06-24 11:10:31,80.139.111.156,10.0.45.113,TCP,747.84,1448.31,3.674,Normal
2026-06-24 11:10:54,25.45.65.167,10.0.227.70,UDP,352.68,969.27,6.984,Normal
2026-06-24 11:14:27,203.87.189.88,10.0.237.209,TCP,125.41,909.06,8.686,Normal
2026-06-24 11:16:10,212.231.156.245,10.0.170.17,HTTPS,513.51,1373.3,4.001,Normal
2026-06-24 11:16:21,62.145.224.168,10.0.120.49,HTTP,621.01,944.35,5.076,Normal
2026-06-24 11:16:44,130.104.105.16,10.0.118.131,UDP,671.46,1079.29,11.111,Normal
2026-06-24 11:17:09,77.15.73.171,10.0.61.253,HTTPS,423.38,1320.81,6.319,Normal
2026-06-24 11:19:36,66.38.66.237,10.0.66.93,UDP,1086.22,824.02,2.946,Normal
2026-06-24 11:20:37,84.213.246.124,10.0.123.13,HTTP,650.62,1863.6,4.013,Normal
2026-06-24 11:21:03,70.214.175.101,10.0.232.101,HTTPS,34.49,1822.97,3.369,Normal
2026-06-24 11:23:06,142.131.176.134,10.0.4.9,HTTP,436.95,1221.89,0.01,Normal
2026-06-24 11:24:42,121.60.191.252,10.0.108.72,UDP,1122.44,211.33,9.404,Normal
2026-06-24 11:26:00,122.253.54.90,10.0.41.102,UDP,274.73,1107.23,1.433,Normal
2026-06-24 11:26:15,131.90.220.245,10.0.81.133,UDP,802.07,1317.23,6.085,Normal
2026-06-24 11:28:38,158.154.128.20,10.0.230.226,HTTP,1044.3,1.0,4.332,Normal
2026-06-24 11:29:54,95.247.114.117,10.0.225.162,HTTP,345.48,2262.91,7.627,Normal
2026-06-24 11:30:11,44.76.173.7,10.0.54.227,HTTPS,1100.05,2360.28,10.881,Normal
2026-06-24 11:33:23,189.184.191.119,10.0.178.139,TCP,778.82,1897.04,2.877,Normal
2026-06-24 11:38:07,92.131.22.189,10.0.166.186,HTTPS,55.26,1217.47,5.093,Normal
2026-06-24 11:40:35,186.88.105.214,10.0.95.192,UDP,94.77,1913.0,4.064,Normal
2026-06-24 11:42:04,131.48.169.105,10.0.111.171,TCP,593.19,1610.42,3.158,Normal
2026-06-24 11:42:57,23.109.122.204,10.0.112.238,HTTPS,1724.73,631.76,1.934,Normal
2026-06-24 11:49:59,68.79.231.172,10.0.24.245,HTTPS,672.79,1481.82,2.486,Normal
2026-06-24 11:58:42,36.79.247.177,10.0.57.62,HTTPS,858.49,1077.44,0.01,Normal
2026-06-24 12:01:30,162.132.113.212,10.0.142.47,HTTP,499.19,1333.28,4.919,Normal
2026-06-24 12:05:21,90.215.161.102,10.0.65.9,TCP,528.77,1519.28,13.743,Normal
2026-06-24 12:07:21,83.190.146.2,10.0.144.205,TCP,1218.03,1483.21,6.705,Normal
2026-06-24 12:07:49,54.232.191.45,10.0.80.47,HTTP,932.12,1072.96,6.496,Normal
2026-06-24 12:07:54,41.65.119.51,10.0.165.65,UDP,1123.42,863.73,0.78,Normal
2026-06-24 12:08:21,94.156.191.192,10.0.86.238,HTTPS,910.25,903.25,7.482,Normal
2026-06-24 12:08:22,177.56.146.173,10.0.81.99,HTTP,556.46,1300.92,7.563,Normal
2026-06-24 12:12:26,107.244.168.11,10.0.51.180,HTTPS,975.6,883.97,1.903,Normal
2026-06-24 12:12:32,61.183.129.194,10.0.145.215,HTTPS,610.19,796.89,4.053,Normal
2026-06-24 12:15:54,41.152.26.170,10.0.253.14,UDP,753.8,698.37,6.986,Normal
2026-06-24 12:16:28,209.50.230.8,10.0.5.21,HTTPS,556.7,1575.13,4.162,Normal
2026-06-24 12:18:18,38.186.248.56,10.0.65.121,UDP,690.4,313.62,9.269,Normal
2026-06-24 12:22:15,6.94.247.45,10.0.96.56,HTTP,323.04,850.13,1.948,Normal
2026-06-24 12:23:06,150.195.113.114,10.0.99.191,TCP,778.68,1181.55,3.248,Normal
2026-06-24 12:23:10,115.50.85.175,10.0.40.134,UDP,1004.61,1284.99,3.808,Normal
2026-06-24 12:25:02,21.120.57.104,10.0.111.158,TCP,172.83,1956.56,9.104,Normal
2026-06-24 12:28:57,111.120.78.148,10.0.57.128,HTTPS,1129.49,838.21,3.823,Normal
2026-06-24 12:32:38,205.203.1.169,10.0.43.215,UDP,1197.74,1249.63,9.23,Normal
2026-06-24 12:32:57,32.203.118.36,10.0.238.132,TCP,1156.95,1388.98,8.394,Normal
2026-06-24 12:34:33,73.91.28.52,10.0.250.158,HTTP,533.14,798.85,6.138,Normal
2026-06-24 12:35:08,209.110.87.253,10.0.142.157,HTTP,894.78,1137.03,9.092,Normal
2026-06-24 12:37:24,183.233.20.212,10.0.124.150,HTTPS,1770.67,709.79,5.894,Normal
2026-06-24 12:37:50,14.211.227.183,10.0.224.149,TCP,520.39,1225.58,4.74,Normal
2026-06-24 12:38:43,74.98.62.88,10.0.176.136,HTTPS,57.48,1091.82,5.042,Normal
2026-06-24 12:39:28,183.185.143.46,10.0.142.229,HTTPS,433.18,1238.97,6.261,Normal
2026-06-24 12:41:22,66.251.145.64,10.0.73.87,TCP,1157.14,735.29,3.143,Normal
2026-06-24 12:42:34,32.67.247.44,10.0.230.173,TCP,567.62,1.0,6.923,Normal
2026-06-24 12:43:24,1.46.194.90,10.0.37.74,UDP,1.0,729.13,5.415,Normal
2026-06-24 12:43:35,81.73.134.193,10.0.220.160,HTTPS,268.64,2386.19,3.186,Normal
2026-06-24 12:45:28,162.28.19.176,10.0.121.165,TCP,532.0,1881.16,7.322,Normal
2026-06-24 12:45:32,92.203.154.174,10.0.193.187,UDP,951.55,1346.55,4.207,Normal
2026-06-24 12:46:56,55.157.168.221,10.0.39.188,UDP,197.01,1389.21,1.74,Normal
2026-06-24 12:47:36,206.2.223.155,10.0.87.187,HTTPS,511.15,1047.3,0.01,Normal
2026-06-24 12:50:32,117.113.148.157,10.0.100.221,UDP,584.08,1672.25,2.905,Normal
2026-06-24 12:51:09,72.81.75.118,10.0.45.108,HTTP,1431.67,1496.73,7.921,Normal
2026-06-24 12:52:32,12.152.239.168,10.0.238.15,UDP,1107.59,1691.46,3.395,Normal
2026-06-24 12:53:04,33.158.85.175,10.0.130.230,TCP,901.28,1737.13,5.82,Normal
2026-06-24 12:54:51,29.159.175.187,10.0.240.32,HTTPS,1198.34,639.46,2.289,Normal
2026-06-24 12:56:09,208.194.213.232,10.0.29.72,HTTPS,1166.37,1134.51,4.241,Normal
2026-06-24 12:56:50,111.219.122.34,10.0.6.35,UDP,1200.73,2056.19,5.256,Normal
2026-06-24 12:57:54,87.113.153.67,10.0.56.97,UDP,1103.75,1381.83,6.771,Normal
2026-06-24 12:58:33,63.252.132.237,10.0.29.25,UDP,94.15,1530.21,7.453,Normal
2026-06-24 12:58:38,204.84.204.85,10.0.201.116,HTTP,880.34,975.89,6.456,Normal
2026-06-24 13:01:40,116.210.135.199,10.0.45.115,TCP,221.2,2233.42,5.819,Normal
2026-06-24 13:01:48,176.79.83.4,10.0.248.111,TCP,339.36,1868.2,2.442,Normal
2026-06-24 13:03:00,197.175.124.72,10.0.36.69,HTTPS,318.92,1028.18,3.242,Normal
2026-06-24 13:04:26,12.106.119.66,10.0.95.128,UDP,1109.02,1533.09,5.133,Normal
2026-06-24 13:04:36,112.254.137.230,10.0.140.91,HTTP,1086.48,1143.66,8.237,Normal
2026-06-24 13:06:07,134.146.177.112,10.0.93.90,UDP,270.56,275.79,4.664,Normal
2026-06-24 13:07:42,203.44.72.188,10.0.56.210,HTTPS,699.52,1912.13,5.077,Normal
2026-06-24 13:13:19,105.213.38.211,10.0.234.174,HTTPS,1.0,1429.73,0.01,Normal
2026-06-24 13:14:57,95.12.224.48,10.0.68.219,UDP,1164.5,1319.15,6.468,Normal
2026-06-24 13:16:03,9.143.126.141,10.0.31.242,HTTP,999.17,1261.35,1.631,Normal
2026-06-24 13:16:27,50.33.207.252,10.0.43.169,UDP,41.98,1270.19,0.01,Normal
2026-06-24 13:19:19,4.119.206.8,10.0.226.172,UDP,1171.02,1650.25,3.682,Normal
2026-06-24 13:19:43,101.221.62.36,10.0.245.194,UDP,1084.11,1982.84,2.072,Normal
2026-06-24 13:19:59,57.188.214.200,10.0.78.35,UDP,396.68,779.95,3.958,Normal
2026-06-24 13:23:15,131.78.116.20,10.0.76.249,HTTP,1300.82,1168.37,8.042,Normal
2026-06-24 13:24:06,23.183.154.49,10.0.16.190,HTTP,799.55,1.0,6.072,Normal
2026-06-24 13:25:14,143.89.212.190,10.0.207.204,HTTPS,1069.61,2350.9,0.01,Normal
2026-06-24 13:27:28,156.223.245.155,10.0.92.113,HTTPS,599.86,1491.1,3.416,Normal
2026-06-24 13:27:29,124.131.25.66,10.0.134.35,TCP,770.09,515.88,4.576,Normal
2026-06-24 13:27:32,145.0.252.7,10.0.254.9,UDP,561.56,1205.1,7.385,Normal
2026-06-24 13:28:11,213.112.181.28,10.0.162.95,HTTPS,1749.84,157.37,5.611,Normal
2026-06-24 13:28:19,215.76.133.32,10.0.231.232,HTTPS,729.26,1254.48,6.814,Normal
2026-06-24 13:30:07,187.58.234.240,10.0.25.165,HTTPS,967.52,1438.34,10.85,Normal
2026-06-24 13:32:11,187.230.143.140,10.0.178.51,TCP,1129.98,772.17,8.156,Normal
2026-06-24 13:33:11,183.254.199.135,10.0.118.99,HTTPS,981.81,1230.84,4.016,Normal
2026-06-24 13:33:24,186.220.9.184,10.0.94.133,HTTP,502.01,820.75,6.849,Normal
2026-06-24 13:33:26,51.47.180.77,10.0.50.8,UDP,882.16,913.15,8.925,Normal
2026-06-24 13:34:20,149.222.30.227,10.0.40.80,TCP,1099.69,187.59,2.209,Normal
2026-06-24 13:35:13,147.21.125.213,10.0.71.237,HTTP,1087.34,1148.64,0.01,Normal
2026-06-24 13:36:43,130.88.167.158,10.0.183.49,UDP,623.24,1090.02,3.067,Normal
2026-06-24 13:39:02,216.201.248.150,10.0.171.38,TCP,350.03,1959.46,8.197,Normal
2026-06-24 13:39:59,121.72.69.33,10.0.83.205,HTTPS,621.52,907.19,9.633,Normal
2026-06-24 13:42:53,73.155.57.37,10.0.191.126,HTTPS,758.91,1218.94,6.418,Normal
2026-06-24 13:43:12,47.43.108.184,10.0.186.50,TCP,726.35,437.25,1.752,Normal
2026-06-24 13:45:33,195.147.95.30,10.0.25.99,UDP,535.43,505.52,2.104,Normal
2026-06-24 13:46:57,137.78.95.84,10.0.166.193,HTTP,705.67,1015.98,5.314,Normal
2026-06-24 13:47:26,29.224.178.89,10.0.123.125,UDP,831.14,977.63,8.079,Normal
2026-06-24 13:47:26,151.127.50.9,10.0.159.174,HTTP,411.35,1643.82,7.458,Normal
2026-06-24 13:48:24,66.216.94.213,10.0.103.29,HTTP,1219.74,794.39,2.413,Normal
2026-06-24 13:49:44,53.99.69.63,10.0.109.219,TCP,1087.09,1268.02,1.232,Normal
2026-06-24 13:50:04,175.11.211.6,10.0.80.152,HTTPS,725.76,1709.32,2.904,Normal
2026-06-24 13:53:11,93.21.0.60,10.0.15.54,UDP,509.54,1421.82,7.005,Normal
2026-06-24 13:58:27,196.252.95.217,10.0.144.15,UDP,824.19,1350.27,1.021,Normal
2026-06-24 14:00:35,208.64.119.153,10.0.145.8,UDP,988.98,1291.38,7.392,Normal
2026-06-24 14:02:02,29.156.199.33,10.0.10.228,HTTPS,1281.8,1247.53,0.749,Normal
2026-06-24 14:03:16,189.251.113.15,10.0.58.27,HTTP,565.07,1206.59,7.637,Normal
2026-06-24 14:04:32,212.123.164.28,10.0.122.175,HTTPS,1027.88,1177.98,8.027,Normal
2026-06-24 14:04:35,9.208.218.98,10.0.213.197,HTTP,1528.82,286.68,8.083,Normal
2026-06-24 14:05:08,221.230.154.51,10.0.21.66,HTTP,959.81,979.44,2.817,Normal
2026-06-24 14:06:40,83.81.247.88,10.0.17.97,HTTP,481.24,1381.18,2.824,Normal
2026-06-24 14:11:53,181.249.67.235,10.0.232.196,TCP,548.65,762.83,7.315,Normal
2026-06-24 14:12:53,193.126.117.157,10.0.50.39,TCP,721.75,1355.57,1.036,Normal
2026-06-24 14:15:16,208.34.168.145,10.0.60.206,UDP,1449.8,1322.02,6.723,Normal
2026-06-24 14:15:20,28.128.20.218,10.0.193.181,HTTPS,730.5,1255.31,4.546,Normal
2026-06-24 14:15:32,126.180.25.193,10.0.138.238,UDP,894.94,392.36,0.332,Normal
2026-06-24 14:17:43,97.38.245.233,10.0.12.230,HTTP,1064.78,1209.68,3.617,Normal
2026-06-24 14:20:47,96.116.162.50,10.0.218.196,UDP,1003.96,1136.87,3.814,Normal
2026-06-24 14:21:50,220.93.166.93,10.0.178.190,HTTP,929.39,376.17,3.564,Normal
2026-06-24 14:24:22,72.100.195.206,10.0.1.96,TCP,886.91,2145.05,6.466,Normal
2026-06-24 14:26:46,72.76.57.56,10.0.120.27,UDP,645.24,1659.71,4.282,Normal
2026-06-24 14:27:35,163.232.126.23,10.0.94.104,UDP,858.21,1095.02,8.137,Normal
2026-06-24 14:30:31,103.48.6.218,10.0.205.130,HTTP,902.68,1711.94,7.157,Normal
2026-06-24 14:32:53,199.44.244.237,10.0.157.135,HTTPS,808.68,2176.71,11.068,Normal
2026-06-24 14:36:22,184.55.114.219,10.0.42.209,HTTP,1034.63,1317.49,0.01,Normal
2026-06-24 14:37:25,181.200.207.254,10.0.118.193,UDP,461.61,244.21,5.133,Normal
2026-06-24 14:39:04,216.102.134.136,10.0.168.48,UDP,1154.56,1494.46,8.601,Normal
2026-06-24 14:42:08,64.148.34.121,10.0.140.142,HTTP,396.78,649.75,6.817,Normal
2026-06-24 14:44:12,203.231.121.227,10.0.62.173,TCP,771.04,834.98,0.01,Normal
2026-06-24 14:46:30,67.223.197.230,10.0.26.251,TCP,795.07,1067.42,4.69,Normal
2026-06-24 14:49:05,218.187.10.94,10.0.113.244,UDP,921.53,1145.08,3.408,Normal
2026-06-24 14:51:38,182.58.182.191,10.0.193.87,HTTP,1.0,1.0,5.388,Normal
2026-06-24 14:53:54,172.17.195.187,10.0.215.122,TCP,761.89,919.21,3.112,Normal
2026-06-24 14:54:06,121.179.124.113,10.0.161.207,UDP,1122.27,1606.44,2.136,Normal
2026-06-24 14:56:47,136.50.64.58,10.0.91.167,UDP,816.13,1012.64,0.243,Normal
2026-06-24 14:57:04,217.204.4.233,10.0.52.104,TCP,814.62,710.07,7.67,Normal
2026-06-24 14:57:38,7.129.238.111,10.0.70.253,TCP,452.72,218.72,5.711,Normal
2026-06-24 14:57:41,194.41.30.172,10.0.153.16,TCP,471.24,2145.23,4.817,Normal
2026-06-24 15:04:20,176.70.149.146,10.0.2.232,HTTP,57.59,1964.75,6.873,Normal
2026-06-24 15:07:16,111.207.141.202,10.0.6.193,UDP,390.3,1143.53,6.511,Normal
2026-06-24 15:15:14,134.94.123.158,10.0.66.74,UDP,1520.7,952.95,3.909,Normal
2026-06-24 15:17:47,182.227.9.120,10.0.67.43,HTTPS,1080.41,1870.7,4.067,Normal
2026-06-24 15:19:37,123.100.45.78,10.0.103.132,HTTP,1183.52,1939.19,4.809,Normal
2026-06-24 15:31:05,167.182.28.18,10.0.11.151,HTTPS,957.92,471.2,7.142,Normal
2026-06-24 15:32:58,142.192.0.141,10.0.253.72,HTTPS,1446.75,1278.62,1.993,Normal
2026-06-24 15:33:27,146.100.40.174,10.0.119.38,HTTP,598.42,823.16,5.934,Normal
2026-06-24 15:34:55,115.210.57.254,10.0.33.25,UDP,461.69,1815.86,6.162,Normal
2026-06-24 15:36:56,145.92.25.217,10.0.14.146,HTTPS,1064.01,2349.87,2.71,Normal
2026-06-24 15:37:44,91.110.22.254,10.0.56.84,TCP,547.97,565.71,1.844,Normal
2026-06-24 15:41:08,140.216.90.136,10.0.173.192,HTTP,279.23,2236.45,3.613,Normal
2026-06-24 15:41:14,184.78.35.187,10.0.109.25,HTTPS,6.34,1941.15,5.04,Normal
2026-06-24 15:41:32,173.190.129.5,10.0.152.70,UDP,980.43,1043.15,3.022,Normal
2026-06-24 15:43:06,22.119.211.121,10.0.214.238,UDP,946.15,1567.78,4.577,Normal
2026-06-24 15:43:57,171.57.165.79,10.0.203.41,TCP,542.5,882.58,4.33,Normal
2026-06-24 15:44:46,137.192.185.135,10.0.85.42,TCP,724.5,2469.38,9.181,Normal
2026-06-24 15:47:01,152.231.248.127,10.0.106.51,HTTP,929.6,1925.56,9.714,Normal
2026-06-24 15:47:08,149.133.116.180,10.0.192.125,UDP,1052.5,1488.14,6.223,Normal
2026-06-24 15:48:27,133.58.206.211,10.0.246.41,HTTPS,874.86,410.97,0.754,Normal
2026-06-24 15:49:44,222.41.29.63,10.0.217.117,UDP,273.99,371.3,6.474,Normal
2026-06-24 15:53:01,180.210.109.231,10.0.44.237,HTTP,1040.44,657.67,4.219,Normal
2026-06-24 15:53:13,163.132.80.215,10.0.8.114,UDP,898.15,134.16,3.038,Normal
2026-06-24 15:53:48,201.75.236.160,10.0.151.84,UDP,819.57,1034.81,6.101,Normal
2026-06-24 15:54:11,160.125.133.154,10.0.202.64,HTTP,678.43,1003.11,3.476,Normal
2026-06-24 15:55:24,28.149.229.170,10.0.217.151,TCP,568.32,394.03,9.874,Normal
2026-06-24 15:57:06,102.10.70.80,10.0.39.223,UDP,1208.62,1546.4,2.435,Normal
2026-06-24 16:00:34,69.34.50.34,10.0.243.225,UDP,468.58,1372.39,6.862,Normal
2026-06-24 16:03:07,87.205.51.63,10.0.134.142,HTTP,1048.64,1177.65,5.593,Normal
2026-06-24 16:05:21,175.169.13.90,10.0.77.226,TCP,675.24,2412.38,0.01,Normal
2026-06-24 16:11:06,143.96.119.201,10.0.96.17,TCP,873.75,2370.57,1.193,Normal
2026-06-24 16:12:22,159.250.71.52,10.0.79.55,TCP,87.31,1880.72,7.297,Normal
2026-06-24 16:14:49,178.244.68.10,10.0.81.162,HTTP,1423.53,674.33,4.321,Normal
2026-06-24 16:21:08,39.190.148.217,10.0.107.212,UDP,1468.11,2228.59,7.962,Normal
2026-06-24 16:24:10,28.65.24.177,10.0.164.251,UDP,529.09,719.03,1.176,Normal
2026-06-24 16:29:05,122.98.138.246,10.0.229.55,HTTPS,157.89,1185.42,6.094,Normal
2026-06-24 16:29:56,36.76.203.56,10.0.226.40,HTTPS,729.51,1440.19,0.01,Normal
2026-06-24 16:30:40,75.202.115.244,10.0.2.184,HTTP,645.75,1058.13,0.298,Normal
2026-06-24 16:35:48,209.185.37.220,10.0.36.37,HTTPS,474.81,1341.07,8.646,Normal
2026-06-24 16:36:07,29.247.96.28,10.0.146.225,HTTPS,264.98,1587.01,11.164,Normal
2026-06-24 16:38:15,177.51.129.204,10.0.220.157,HTTP,902.36,1591.05,4.974,Normal
2026-06-24 16:41:58,169.213.87.115,10.0.92.30,TCP,356.31,1000.46,6.019,Normal
2026-06-24 16:46:35,98.147.26.104,10.0.163.206,HTTP,943.34,2268.62,9.871,Normal
2026-06-24 16:46:39,126.1.65.43,10.0.158.170,HTTPS,1236.19,638.21,2.281,Normal
2026-06-24 16:50:18,90.98.107.254,10.0.155.39,HTTPS,542.47,1580.83,4.493,Normal
2026-06-24 16:51:12,184.187.147.22,10.0.197.10,HTTP,1569.18,1876.41,5.293,Normal
2026-06-24 16:51:25,18.34.166.219,10.0.45.82,TCP,270.98,908.28,6.261,Normal
2026-06-24 16:54:06,155.230.199.243,10.0.48.70,UDP,1483.81,2087.0,7.356,Normal
2026-06-24 16:55:03,138.16.200.182,10.0.14.17,HTTPS,701.27,1492.79,1.763,Normal
2026-06-24 16:55:58,69.128.155.188,10.0.84.161,UDP,1446.51,1306.07,2.284,Normal
2026-06-24 16:56:13,12.246.235.237,10.0.225.165,TCP,416.8,610.14,5.829,Normal
2026-06-24 16:58:42,20.229.29.149,10.0.237.167,UDP,1320.46,1580.05,6.815,Normal
2026-06-24 17:01:10,88.144.156.179,10.0.222.38,HTTP,1238.43,1548.24,7.195,Normal
2026-06-24 17:01:16,4.192.69.237,10.0.243.128,UDP,759.07,932.32,6.675,Normal
2026-06-24 17:01:25,165.51.244.138,10.0.139.179,TCP,1047.88,1403.93,5.948,Normal
2026-06-24 17:05:09,220.27.134.87,10.0.162.184,TCP,868.07,922.72,6.993,Normal
2026-06-24 17:06:47,84.94.223.193,10.0.41.126,HTTPS,1238.46,766.58,3.216,Normal
2026-06-24 17:09:00,59.236.155.107,10.0.52.204,HTTPS,515.07,672.29,11.845,Normal
2026-06-24 17:11:33,126.172.44.170,10.0.219.81,HTTPS,493.47,960.17,10.231,Normal
2026-06-24 17:12:59,74.82.212.20,10.0.228.197,HTTPS,1153.36,733.95,8.281,Normal
2026-06-24 17:13:44,143.243.165.126,10.0.68.133,HTTPS,1107.96,1780.64,6.73,Normal
2026-06-24 17:16:42,51.115.240.129,10.0.152.251,HTTPS,789.88,1706.52,8.39,Normal
2026-06-24 17:17:20,29.169.194.52,10.0.121.232,HTTPS,1170.26,13.63,9.062,Normal
2026-06-24 17:19:35,207.239.29.90,10.0.143.98,TCP,927.64,1955.47,4.715,Normal
2026-06-24 17:20:10,184.39.25.143,10.0.30.166,HTTP,487.52,1513.42,4.304,Normal
2026-06-24 17:20:24,103.245.133.237,10.0.54.114,HTTP,791.1,262.27,5.686,Normal
2026-06-24 17:21:00,204.134.116.76,10.0.243.9,HTTP,775.63,935.17,5.455,Normal
2026-06-24 17:21:12,40.146.127.121,10.0.250.136,HTTP,743.97,614.86,6.458,Normal
2026-06-24 17:23:55,156.252.217.35,10.0.251.166,TCP,1207.62,1818.12,5.552,Normal
2026-06-24 17:25:00,182.30.148.254,10.0.163.105,HTTPS,59.03,632.85,9.055,Normal
2026-06-24 17:26:48,15.187.151.62,10.0.58.183,UDP,301.07,1872.5,3.006,Normal
2026-06-24 17:29:05,9.89.69.146,10.0.253.176,HTTPS,200.44,1195.36,6.099,Normal
2026-06-24 17:33:05,43.4.19.115,10.0.26.215,HTTP,900.74,357.13,8.368,Normal
2026-06-24 17:33:06,50.3.187.229,10.0.210.97,TCP,585.71,659.38,9.727,Normal
2026-06-24 17:34:01,198.44.245.142,10.0.104.65,TCP,714.46,613.65,8.052,Normal
2026-06-24 17:36:02,34.183.150.130,10.0.184.231,HTTPS,1325.92,1134.16,6.058,Normal
2026-06-24 17:36:20,78.157.44.59,10.0.168.73,HTTPS,1183.4,1044.76,1.368,Normal
2026-06-24 17:38:14,8.13.97.130,10.0.120.109,UDP,740.27,1100.84,3.301,Normal
2026-06-24 17:39:01,127.237.136.194,10.0.78.235,HTTPS,1075.06,1527.67,5.728,Normal
2026-06-24 17:39:02,128.14.39.237,10.0.114.43,HTTPS,930.96,1046.62,3.927,Normal
2026-06-24 17:41:10,136.237.135.5,10.0.77.235,TCP,369.71,867.26,8.214,Normal
2026-06-24 17:41:34,160.20.214.83,10.0.1.61,UDP,1516.36,818.1,5.963,Normal
2026-06-24 17:42:46,166.211.25.36,10.0.24.232,UDP,490.09,2058.66,5.845,Normal
2026-06-24 17:42:54,169.39.58.64,10.0.230.240,HTTPS,976.98,1017.34,3.771,Normal
2026-06-24 17:42:56,99.209.131.189,10.0.179.241,HTTP,288.24,1866.34,3.494,Normal
2026-06-24 17:43:37,122.21.19.108,10.0.170.80,UDP,634.76,1363.53,4.193,Normal
2026-06-24 17:44:08,7.208.157.157,10.0.172.30,UDP,1021.23,1349.35,8.026,Normal
2026-06-24 17:44:43,70.143.121.44,10.0.127.209,HTTPS,777.63,2261.45,6.608,Normal
2026-06-24 17:50:37,7.19.216.37,10.0.202.229,HTTPS,1617.93,824.35,4.284,Normal
2026-06-24 17:50:37,24.227.64.139,10.0.21.27,TCP,1024.21,820.29,4.481,Normal
2026-06-24 17:54:43,213.71.96.109,10.0.253.64,TCP,775.87,2997.74,1.768,Normal
2026-06-24 17:55:25,115.71.125.115,10.0.135.100,HTTPS,453.2,1271.54,3.286,Normal
2026-06-24 17:57:49,116.72.195.152,10.0.64.111,HTTP,956.6,963.82,0.143,Normal
2026-06-24 17:59:04,71.133.26.106,10.0.105.213,TCP,1070.24,1536.2,4.227,Normal
2026-06-24 18:01:14,123.163.213.252,10.0.27.182,UDP,1046.91,1533.22,5.928,Normal
2026-06-24 18:02:29,16.171.226.254,10.0.204.197,HTTPS,579.19,1294.76,3.307,Normal
2026-06-24 18:03:41,142.168.120.19,10.0.251.57,HTTPS,851.45,2632.17,1.7,Normal
2026-06-24 18:05:53,203.202.203.41,10.0.33.199,HTTP,404.99,1607.04,6.921,Normal
2026-06-24 18:06:40,22.16.48.138,10.0.19.204,TCP,1187.76,1942.9,3.005,Normal
2026-06-24 18:07:22,202.162.186.199,10.0.159.13,HTTP,1034.9,1556.97,2.826,Normal
2026-06-24 18:13:36,191.23.196.114,10.0.4.171,TCP,1312.38,554.75,2.231,Normal
2026-06-24 18:14:11,24.248.38.220,10.0.109.78,HTTPS,1234.24,415.4,7.391,Normal
2026-06-24 18:16:41,116.184.101.7,10.0.93.179,HTTP,802.69,738.81,4.259,Normal
2026-06-24 18:18:36,171.241.13.104,10.0.129.177,UDP,529.08,1457.25,8.232,Normal
2026-06-24 18:20:34,222.153.89.108,10.0.210.109,HTTPS,425.36,1207.16,5.039,Normal
2026-06-24 18:25:09,151.192.92.88,10.0.212.41,HTTP,8.53,1755.83,2.688,Normal
2026-06-24 18:25:10,46.173.220.129,10.0.98.239,HTTP,1242.86,1375.85,5.796,Normal
2026-06-24 18:25:43,81.253.225.10,10.0.53.53,UDP,295.04,1217.65,8.086,Normal
2026-06-24 18:27:23,113.14.142.43,10.0.184.41,HTTPS,532.69,1354.07,0.01,Normal
2026-06-24 18:36:45,76.96.92.101,10.0.196.34,HTTP,655.27,906.15,7.726,Normal
2026-06-24 18:45:34,177.64.241.111,10.0.166.178,HTTP,497.78,566.24,7.266,Normal
2026-06-24 18:46:50,126.26.141.135,10.0.140.70,HTTP,1034.06,1167.39,8.331,Normal
2026-06-24 18:47:14,194.225.161.92,10.0.109.34,UDP,1543.8,1481.13,6.974,Normal
2026-06-24 18:50:40,123.124.178.55,10.0.165.194,TCP,1099.53,799.95,4.54,Normal
2026-06-24 18:51:43,16.205.216.27,10.0.23.157,UDP,488.75,2310.25,3.945,Normal
2026-06-24 18:52:22,136.9.85.75,10.0.17.32,UDP,991.92,395.87,4.996,Normal
2026-06-24 18:53:50,37.5.11.52,10.0.222.53,UDP,1207.8,1896.06,8.138,Normal
2026-06-24 18:54:08,63.83.197.46,10.0.28.195,HTTP,611.02,405.37,10.834,Normal
2026-06-24 18:55:27,101.151.154.31,10.0.70.63,UDP,1783.3,2035.24,2.441,Normal
2026-06-24 18:59:41,41.242.22.123,10.0.212.243,HTTP,707.09,1245.43,5.018,Normal
2026-06-24 19:00:10,130.98.32.146,10.0.228.24,HTTP,779.52,1152.16,10.393,Normal
2026-06-24 19:00:21,124.119.246.245,10.0.130.115,HTTP,1.0,609.95,7.063,Normal
2026-06-24 19:00:50,20.197.166.112,10.0.134.69,UDP,241.16,283.83,9.861,Botnet
2026-06-24 19:02:17,29.141.88.156,10.0.141.251,HTTP,1.0,911.45,3.813,Normal
2026-06-24 19:02:55,15.207.95.191,10.0.30.170,HTTPS,761.51,1884.76,2.358,Normal
2026-06-24 19:04:14,156.132.47.109,10.0.61.118,TCP,1389.37,1309.75,4.78,Normal
2026-06-24 19:04:18,163.46.216.134,10.0.120.184,HTTP,673.09,320.29,1.719,Normal
2026-06-24 19:05:03,73.177.77.195,10.0.63.220,HTTPS,1693.75,1037.76,6.258,Normal
2026-06-24 19:08:11,133.44.163.176,10.0.181.145,HTTPS,327.76,1130.52,8.176,Normal
2026-06-24 19:12:39,13.224.243.248,10.0.250.236,HTTP,1055.5,1398.93,7.25,Normal
2026-06-24 19:14:54,97.175.147.42,10.0.159.170,UDP,718.82,1425.63,0.545,Normal
2026-06-24 19:16:23,97.218.21.178,10.0.166.139,HTTPS,738.07,196.65,1.41,SQL Injection
2026-06-24 19:17:17,126.5.45.109,10.0.9.43,TCP,1210.94,1998.02,19.06,Malware
2026-06-24 19:18:12,116.93.25.131,10.0.41.4,TCP,556.7,734.12,13.015,Normal
2026-06-24 19:18:12,20.197.166.112,10.0.72.235,TCP,1393.12,830.88,10.371,Malware
2026-06-24 19:18:22,200.15.189.26,10.0.170.98,UDP,332.15,235.08,10.197,Botnet
2026-06-24 19:18:59,45.24.134.248,10.0.215.190,TCP,185.56,34.89,0.27,DoS
2026-06-24 19:19:24,164.194.182.200,10.0.170.105,HTTP,503.09,365.68,1.525,Phishing
2026-06-24 19:19:43,97.218.21.178,10.0.208.7,HTTP,379.21,568.96,5.998,Phishing
2026-06-24 19:19:43,198.218.243.229,10.0.116.100,TCP,108.88,21.69,0.214,DoS
2026-06-24 19:19:55,153.127.88.220,10.0.216.83,TCP,769.52,1393.92,6.451,Normal
2026-06-24 19:20:08,45.24.134.248,10.0.173.97,HTTPS,513.2,306.85,1.675,SQL Injection
2026-06-24 19:20:38,164.194.182.200,10.0.158.6,TCP,157.34,31.29,1.248,DoS
2026-06-24 19:20:45,156.134.171.145,10.0.133.111,HTTP,774.67,980.57,9.197,Normal
2026-06-24 19:21:35,42.137.41.79,10.0.152.254,HTTP,605.05,1.0,1.318,Phishing
2026-06-24 19:22:10,45.24.134.248,10.0.115.197,TCP,174.87,108.76,1.533,Brute Force
2026-06-24 19:23:19,164.194.182.200,10.0.225.83,TCP,592.35,2207.37,7.901,Malware
2026-06-24 19:23:49,142.227.228.185,10.0.179.130,HTTP,520.57,316.32,2.812,SQL Injection
2026-06-24 19:24:12,149.43.32.222,10.0.70.195,UDP,599.7,206.94,1.865,Normal
2026-06-24 19:24:22,97.218.21.178,10.0.153.17,HTTPS,562.13,402.06,2.865,SQL Injection
2026-06-24 19:24:32,164.194.182.200,10.0.24.237,UDP,1.0,213.15,6.233,Unknown Threat
2026-06-24 19:24:43,5.248.49.154,10.0.204.70,HTTPS,1597.77,1130.28,0.01,Normal
2026-06-24 19:25:00,164.194.182.200,10.0.155.139,HTTPS,1206.94,1529.3,17.458,Malware
2026-06-24 19:25:36,116.38.213.221,10.0.187.134,HTTP,583.49,426.8,1.384,SQL Injection
2026-06-24 19:25:38,20.197.166.112,10.0.215.133,UDP,18.44,16.49,0.31,DDoS
2026-06-24 19:25:51,114.32.214.115,10.0.132.154,ICMP,29.67,1.0,0.329,DDoS
2026-06-24 19:26:33,81.143.99.237,10.0.229.51,TCP,1144.54,2346.45,10.674,Malware
2026-06-24 19:27:24,164.194.182.200,10.0.168.30,TCP,11.81,14.86,0.108,Port Scan
2026-06-24 19:28:01,45.24.134.248,10.0.25.54,TCP,1.0,1.0,7.817,Unknown Threat
2026-06-24 19:28:23,114.32.214.115,10.0.69.97,HTTP,328.66,439.42,1.797,SQL Injection
2026-06-24 19:28:34,45.24.134.248,10.0.193.200,UDP,57.81,42.45,0.259,DoS
2026-06-24 19:29:05,97.218.21.178,10.0.181.64,HTTPS,8.69,168.92,0.89,Brute Force
2026-06-24 19:29:06,80.209.107.47,10.0.37.24,TCP,1035.24,1191.19,11.261,Malware
2026-06-24 19:29:38,45.24.134.248,10.0.19.98,ICMP,13.63,31.4,0.112,DDoS
2026-06-24 19:30:14,45.24.134.248,10.0.28.176,TCP,387.84,74.02,1.588,Botnet
2026-06-24 19:30:36,117.159.91.115,10.0.214.100,UDP,49.09,45.32,0.01,DDoS
2026-06-24 19:31:14,47.173.189.32,10.0.42.172,HTTP,943.24,1.0,7.673,Normal
2026-06-24 19:31:32,28.174.144.22,10.0.59.137,TCP,768.51,1584.47,5.093,Normal
2026-06-24 19:31:47,152.108.217.201,10.0.193.43,TCP,272.82,217.84,8.795,Botnet
2026-06-24 19:31:47,164.194.182.200,10.0.252.221,ICMP,66.51,46.41,0.395,DDoS
2026-06-24 19:32:22,45.24.134.248,10.0.32.240,HTTPS,847.13,150.59,4.436,Unknown Threat
2026-06-24 19:32:29,97.218.21.178,10.0.69.14,HTTPS,291.69,1.0,6.014,Unknown Threat
2026-06-24 19:32:38,20.197.166.112,10.0.32.6,HTTPS,114.07,77.79,0.941,Brute Force
2026-06-24 19:33:02,146.7.182.5,10.0.208.94,HTTPS,65.88,96.37,0.382,Brute Force
2026-06-24 19:33:03,169.242.83.73,10.0.139.176,HTTPS,1236.26,2526.38,4.634,Normal
2026-06-24 19:33:03,114.32.214.115,10.0.179.173,HTTPS,65.91,132.52,1.058,Brute Force
2026-06-24 19:33:39,148.172.155.16,10.0.159.224,HTTP,487.38,580.77,3.289,SQL Injection
2026-06-24 19:33:46,122.109.141.17,10.0.14.121,HTTP,1169.83,1021.71,3.565,Normal
2026-06-24 19:34:22,164.213.91.36,10.0.1.92,HTTP,430.66,710.26,4.044,Phishing
2026-06-24 19:34:28,114.32.214.115,10.0.134.99,TCP,72.39,21.52,0.119,Port Scan
2026-06-24 19:35:36,134.104.91.199,10.0.134.183,HTTPS,10.95,144.41,0.893,Brute Force
2026-06-24 19:35:53,213.146.69.178,10.0.174.164,TCP,77.31,5.82,1.021,DoS
2026-06-24 19:36:13,130.199.243.93,10.0.134.159,HTTPS,991.16,970.32,0.291,Phishing
2026-06-24 19:37:15,100.69.227.48,10.0.62.40,TCP,82.41,6.4,0.106,Port Scan
2026-06-24 19:37:49,18.105.132.200,10.0.251.106,HTTP,1050.63,1352.73,3.536,Normal
2026-06-24 19:38:12,97.218.21.178,10.0.51.91,HTTPS,196.71,370.87,1.942,SQL Injection
2026-06-24 19:38:13,168.229.75.178,10.0.8.136,ICMP,82.51,5.64,0.202,DDoS
2026-06-24 19:38:38,164.194.182.200,10.0.179.187,HTTPS,1.0,301.99,5.015,Unknown Threat
2026-06-24 19:38:44,37.36.236.134,10.0.142.44,UDP,648.78,1394.45,2.604,Normal
2026-06-24 19:39:41,72.92.232.173,10.0.91.68,HTTPS,144.76,72.28,0.682,Brute Force
2026-06-24 19:40:08,166.250.172.171,10.0.138.196,TCP,1005.04,1354.62,3.45,Normal
2026-06-24 19:44:11,97.109.82.186,10.0.150.132,UDP,810.31,1309.76,11.319,Normal
2026-06-24 19:44:34,164.194.182.200,10.0.239.161,TCP,106.01,118.65,0.582,Brute Force
2026-06-24 19:48:02,177.111.72.91,10.0.174.219,UDP,509.23,1979.61,4.154,Normal
2026-06-24 19:51:25,129.91.170.104,10.0.112.110,TCP,1420.75,1966.19,1.996,Normal
2026-06-24 19:53:40,33.22.250.121,10.0.165.56,HTTPS,751.69,1097.93,7.474,Normal
2026-06-24 19:54:30,36.98.192.69,10.0.33.133,HTTPS,766.06,239.88,2.714,Normal
2026-06-24 19:54:52,196.134.139.176,10.0.209.41,HTTPS,701.8,1889.25,2.804,Normal
2026-06-24 19:58:54,208.197.219.169,10.0.232.30,HTTPS,758.09,1152.98,4.436,Normal
2026-06-24 19:59:14,96.36.187.206,10.0.193.180,HTTPS,863.64,1140.68,6.21,Normal
2026-06-24 20:00:20,204.174.194.67,10.0.211.107,TCP,1347.51,1233.56,6.488,Normal
2026-06-24 20:01:37,97.218.21.178,10.0.6.239,HTTPS,97.65,98.09,0.01,Brute Force
2026-06-24 20:02:24,45.24.134.248,10.0.8.196,UDP,74.58,12.88,0.116,DDoS
2026-06-24 20:02:25,202.88.60.116,10.0.129.117,TCP,395.59,2335.3,6.399,Normal
2026-06-24 20:02:59,20.197.166.112,10.0.19.49,TCP,39.19,16.94,0.123,Port Scan
2026-06-24 20:03:13,45.24.134.248,10.0.168.89,TCP,83.31,26.49,0.064,DoS
2026-06-24 20:04:12,183.55.157.241,10.0.226.169,HTTPS,272.22,1541.34,2.59,Phishing
2026-06-24 20:04:34,97.218.21.178,10.0.138.169,ICMP,28.09,15.8,0.114,DDoS
2026-06-24 20:04:59,192.94.229.60,10.0.137.194,HTTPS,827.17,1528.88,7.687,Normal
2026-06-24 20:05:39,20.197.166.112,10.0.17.70,TCP,136.15,131.81,0.811,Brute Force
2026-06-24 20:05:39,202.244.89.58,10.0.148.237,UDP,1396.05,1415.37,5.138,Normal
2026-06-24 20:05:41,20.197.166.112,10.0.39.80,UDP,139.77,35.8,0.524,DoS
2026-06-24 20:05:43,30.45.232.89,10.0.203.239,HTTPS,1127.92,2222.07,9.068,Malware
2026-06-24 20:06:09,101.181.199.73,10.0.235.166,HTTP,447.35,1581.25,7.66,Normal
2026-06-24 20:06:15,114.32.214.115,10.0.148.52,TCP,79.85,4.86,0.093,Port Scan
2026-06-24 20:06:23,66.188.185.25,10.0.40.152,TCP,561.83,118.86,6.755,Unknown Threat
2026-06-24 20:06:33,120.213.180.20,10.0.117.188,HTTP,651.72,657.12,4.491,Normal
2026-06-24 20:08:06,97.218.21.178,10.0.175.95,TCP,55.47,15.62,0.438,DoS
2026-06-24 20:08:40,20.197.166.112,10.0.135.89,TCP,149.42,35.73,0.309,DoS
2026-06-24 20:08:42,114.32.214.115,10.0.3.180,HTTPS,147.82,139.76,0.474,Brute Force
2026-06-24 20:08:43,80.18.236.48,10.0.209.49,HTTPS,762.41,2843.7,7.599,Normal
2026-06-24 20:09:01,180.251.168.95,10.0.111.190,ICMP,67.87,30.14,0.379,DDoS
2026-06-24 20:09:01,15.181.37.219,10.0.75.47,TCP,1143.62,1324.65,0.287,Normal
2026-06-24 20:09:23,126.115.133.217,10.0.202.7,UDP,338.64,21.53,0.01,Unknown Threat
2026-06-24 20:09:27,114.32.214.115,10.0.83.184,HTTPS,903.86,395.05,2.998,Phishing
2026-06-24 20:09:45,120.251.204.117,10.0.4.24,UDP,1044.34,939.48,7.371,Normal
2026-06-24 20:10:12,164.194.182.200,10.0.223.61,HTTP,372.98,466.36,2.752,Unknown Threat
2026-06-24 20:10:21,156.13.98.166,10.0.6.181,HTTPS,668.18,743.84,6.89,Phishing
2026-06-24 20:10:35,45.24.134.248,10.0.19.60,HTTPS,135.79,83.32,0.834,Brute Force
2026-06-24 20:11:34,35.223.225.213,10.0.93.66,HTTPS,965.39,1476.81,3.256,Normal
2026-06-24 20:11:53,14.21.128.25,10.0.115.163,TCP,146.34,102.56,1.842,Brute Force
2026-06-24 20:13:01,114.32.214.115,10.0.108.111,TCP,30.52,2.27,0.095,Port Scan
2026-06-24 20:13:25,164.194.182.200,10.0.242.123,UDP,561.35,280.74,8.698,Botnet
2026-06-24 20:13:39,67.222.136.19,10.0.209.76,HTTP,356.86,541.32,1.392,Phishing
2026-06-24 20:13:52,20.197.166.112,10.0.8.22,TCP,4.19,17.49,0.01,Port Scan
2026-06-24 20:13:57,97.218.21.178,10.0.138.206,TCP,53.01,9.48,0.129,Port Scan
2026-06-24 20:14:10,45.24.134.248,10.0.165.34,UDP,86.8,43.27,0.326,DDoS
2026-06-24 20:14:11,45.24.134.248,10.0.161.187,TCP,149.05,51.39,0.915,Brute Force
2026-06-24 20:14:42,20.197.166.112,10.0.180.218,TCP,41.0,25.91,1.029,DoS
2026-06-24 20:14:47,39.6.247.6,10.0.116.170,HTTPS,759.44,3255.41,6.146,Malware
2026-06-24 20:15:00,38.36.111.140,10.0.198.108,ICMP,75.19,22.23,0.279,DDoS
2026-06-24 20:15:03,114.32.214.115,10.0.117.96,HTTP,1061.96,278.76,3.051,SQL Injection
2026-06-24 20:15:27,164.194.182.200,10.0.74.166,TCP,117.13,92.3,0.955,Brute Force
2026-06-24 20:15:57,97.218.21.178,10.0.116.227,ICMP,84.58,43.57,0.055,DDoS
2026-06-24 20:16:13,164.194.182.200,10.0.236.35,TCP,41.03,1.0,0.121,Port Scan
2026-06-24 20:16:42,164.194.182.200,10.0.175.232,TCP,274.26,335.5,2.695,Botnet
2026-06-24 20:16:59,45.24.134.248,10.0.30.129,ICMP,61.2,1.0,0.254,DDoS
2026-06-24 20:17:02,164.194.182.200,10.0.161.149,TCP,19.12,5.25,0.101,Port Scan
2026-06-24 20:17:03,20.197.166.112,10.0.177.12,ICMP,51.57,28.34,0.014,DDoS
2026-06-24 20:17:08,45.24.134.248,10.0.90.157,HTTPS,89.28,133.32,1.423,Brute Force
2026-06-24 20:17:14,19.100.90.167,10.0.136.156,UDP,349.56,373.97,2.764,Botnet
2026-06-24 20:17:35,45.24.134.248,10.0.53.247,UDP,55.1,33.38,0.053,DDoS
2026-06-24 20:17:36,20.197.166.112,10.0.161.51,UDP,45.54,58.38,0.618,DoS
2026-06-24 20:17:48,114.32.214.115,10.0.167.113,TCP,78.23,50.31,0.572,DoS
2026-06-24 20:18:06,97.218.21.178,10.0.105.47,HTTPS,913.3,2705.1,18.11,Malware
2026-06-24 20:18:56,47.202.117.25,10.0.156.249,UDP,1.0,538.47,2.647,Unknown Threat
2026-06-24 20:19:18,186.227.250.152,10.0.181.246,UDP,86.8,6.64,0.825,DoS
2026-06-24 20:19:23,132.244.172.168,10.0.80.205,HTTP,714.95,743.65,2.786,SQL Injection
2026-06-24 20:19:30,128.34.115.177,10.0.246.216,HTTPS,1006.68,1.0,9.41,Normal
2026-06-24 20:19:51,164.194.182.200,10.0.99.196,UDP,6.45,31.73,0.249,DDoS
2026-06-24 20:20:13,169.3.244.90,10.0.209.241,UDP,130.53,185.16,15.032,Botnet
2026-06-24 20:20:20,97.218.21.178,10.0.52.28,HTTPS,548.69,136.67,0.963,SQL Injection
2026-06-24 20:20:22,105.230.166.193,10.0.53.87,TCP,592.43,402.68,5.149,Unknown Threat
2026-06-24 20:21:03,211.215.139.82,10.0.82.189,TCP,457.24,178.06,13.405,Botnet
2026-06-24 20:21:27,97.218.21.178,10.0.8.64,TCP,26.85,10.52,0.131,Port Scan
2026-06-24 20:22:11,155.176.209.214,10.0.56.107,TCP,47.02,8.77,0.152,Port Scan
2026-06-24 20:22:24,93.91.182.133,10.0.233.119,UDP,817.05,2268.74,3.521,Normal
2026-06-24 20:22:36,65.223.80.204,10.0.117.215,HTTP,534.06,1059.87,5.933,Phishing
2026-06-24 20:22:51,97.218.21.178,10.0.153.254,HTTPS,571.72,672.28,1.707,Unknown Threat
2026-06-24 20:23:04,159.253.230.24,10.0.224.85,UDP,426.85,55.87,6.475,Botnet
2026-06-24 20:23:07,97.218.21.178,10.0.217.91,HTTPS,667.08,592.23,1.634,SQL Injection
2026-06-24 20:23:14,97.218.21.178,10.0.181.146,HTTPS,1831.12,1941.3,7.035,Malware
2026-06-24 20:23:22,164.194.182.200,10.0.63.215,ICMP,107.63,14.77,0.238,DDoS
2026-06-24 20:23:45,180.130.23.182,10.0.234.58,UDP,33.22,2.82,0.013,DDoS
2026-06-24 20:24:20,45.24.134.248,10.0.92.203,UDP,62.47,17.87,0.163,DDoS
2026-06-24 20:24:48,45.24.134.248,10.0.31.127,TCP,729.81,675.82,5.128,Unknown Threat
2026-06-24 20:25:38,97.218.21.178,10.0.33.21,HTTP,541.79,289.84,5.686,Phishing
2026-06-24 20:25:53,196.233.18.75,10.0.31.31,UDP,130.31,2.4,0.237,DoS
2026-06-24 20:25:57,20.197.166.112,10.0.184.241,ICMP,48.27,14.14,0.111,DDoS
2026-06-24 20:26:46,20.197.166.112,10.0.105.121,ICMP,48.21,33.15,0.147,DDoS
2026-06-24 20:27:05,20.197.166.112,10.0.254.49,TCP,1193.69,2302.8,5.797,Malware
2026-06-24 20:27:20,28.33.11.54,10.0.253.177,HTTP,982.08,1330.18,4.317,Normal
2026-06-24 20:27:21,53.96.44.212,10.0.46.52,UDP,452.55,349.11,4.629,Botnet
2026-06-24 20:27:28,39.48.237.140,10.0.10.108,UDP,673.45,809.22,5.664,Normal
2026-06-24 20:27:42,84.49.137.111,10.0.103.113,HTTP,910.71,806.13,3.966,Phishing
2026-06-24 20:27:46,175.249.153.138,10.0.207.221,UDP,90.98,63.61,0.524,DoS
2026-06-24 20:27:52,172.32.43.101,10.0.58.99,HTTPS,743.39,938.96,6.146,Malware
2026-06-24 20:28:09,164.194.182.200,10.0.158.199,ICMP,25.78,31.36,0.413,DDoS
2026-06-24 20:28:13,45.24.134.248,10.0.18.234,HTTPS,58.52,519.89,4.043,Unknown Threat
2026-06-24 20:28:26,65.83.134.49,10.0.225.185,HTTPS,217.14,965.59,10.118,Normal
2026-06-24 20:28:57,114.32.214.115,10.0.209.118,HTTPS,983.47,2032.81,8.557,Malware
2026-06-24 20:29:31,1.179.159.247,10.0.10.246,HTTPS,142.61,124.46,1.336,Brute Force
2026-06-24 20:29:42,197.60.213.83,10.0.117.219,HTTPS,1569.45,1005.65,5.875,Normal
2026-06-24 20:29:48,211.243.12.97,10.0.213.126,TCP,944.55,978.36,15.868,Malware
2026-06-24 20:29:59,45.24.134.248,10.0.50.41,TCP,382.83,1589.07,15.751,Malware
2026-06-24 20:30:52,168.138.237.168,10.0.227.249,HTTPS,105.03,1870.54,9.533,Normal
2026-06-24 20:31:43,97.218.21.178,10.0.2.127,HTTP,927.86,556.72,3.419,SQL Injection
2026-06-24 20:32:29,164.194.182.200,10.0.69.252,TCP,94.23,224.74,8.411,Botnet
2026-06-24 20:32:37,164.194.182.200,10.0.7.246,TCP,37.15,25.13,0.095,Port Scan
2026-06-24 20:32:46,5.5.216.27,10.0.39.132,UDP,1068.85,1485.08,2.924,Normal
2026-06-24 20:33:19,157.7.118.179,10.0.251.37,UDP,29.35,29.39,0.175,DDoS
2026-06-24 20:33:27,166.220.243.115,10.0.49.32,TCP,19.94,306.05,10.129,Botnet
2026-06-24 20:33:30,97.11.34.87,10.0.111.254,HTTP,1200.02,927.45,3.245,Phishing
2026-06-24 20:33:44,164.194.182.200,10.0.179.152,HTTP,366.55,696.05,2.525,SQL Injection
2026-06-24 20:34:00,162.239.186.244,10.0.226.109,HTTPS,957.16,319.03,2.184,SQL Injection
2026-06-24 20:34:14,164.194.182.200,10.0.54.3,HTTP,315.7,310.52,3.249,SQL Injection
2026-06-24 20:34:26,20.197.166.112,10.0.134.1,TCP,31.24,1.0,0.8,Brute Force
2026-06-24 20:34:43,114.32.214.115,10.0.219.187,UDP,28.47,16.43,0.092,DDoS
2026-06-24 20:35:04,164.194.182.200,10.0.56.162,TCP,39.18,10.63,0.078,Port Scan
2026-06-24 20:35:06,2.144.190.140,10.0.97.211,TCP,654.7,1047.24,0.478,Normal
2026-06-24 20:35:43,103.77.168.168,10.0.152.19,HTTP,1046.73,600.17,1.875,Normal
2026-06-24 20:35:45,196.217.182.187,10.0.39.183,TCP,64.03,57.83,0.188,DoS
2026-06-24 20:36:04,20.197.166.112,10.0.145.199,TCP,1578.68,783.94,7.575,Malware
2026-06-24 20:36:32,61.239.125.129,10.0.139.74,HTTPS,758.47,1057.21,19.361,Malware
2026-06-24 20:36:44,45.24.134.248,10.0.6.86,TCP,1131.97,437.14,3.079,Malware
2026-06-24 20:36:48,218.172.118.50,10.0.75.165,UDP,1510.69,1343.49,5.811,Normal
2026-06-24 20:36:49,102.224.71.14,10.0.79.248,ICMP,26.77,35.39,0.138,DDoS
2026-06-24 20:37:09,79.185.78.153,10.0.53.142,HTTP,27.48,1119.21,7.261,Unknown Threat
2026-06-24 20:37:30,37.192.57.128,10.0.208.229,TCP,623.96,2385.21,0.422,Normal
2026-06-24 20:38:15,75.60.154.75,10.0.167.238,TCP,854.05,1470.01,4.318,Normal
2026-06-24 20:39:45,20.197.166.112,10.0.97.111,UDP,94.57,1.0,0.146,DDoS
2026-06-24 20:39:57,204.237.82.128,10.0.219.128,HTTP,557.82,2111.71,3.159,Normal
2026-06-24 20:41:24,59.226.56.236,10.0.28.168,UDP,64.35,19.84,0.071,DDoS
2026-06-24 20:41:35,164.194.182.200,10.0.58.68,HTTPS,594.74,141.47,1.58,SQL Injection
2026-06-24 20:43:09,118.9.221.218,10.0.3.42,HTTP,910.94,903.15,6.662,Normal
2026-06-24 20:44:44,115.240.3.9,10.0.202.92,UDP,747.11,453.48,4.043,Normal
2026-06-24 20:48:41,186.17.72.180,10.0.77.186,TCP,660.99,492.0,7.414,Normal
2026-06-24 20:51:39,15.175.43.45,10.0.249.57,HTTPS,875.48,777.5,9.294,Normal
2026-06-24 20:51:42,151.17.65.5,10.0.243.7,UDP,415.6,2044.66,8.688,Normal
2026-06-24 20:53:18,35.237.16.38,10.0.49.38,HTTPS,236.07,1909.52,4.028,Normal
2026-06-24 20:58:57,201.66.251.118,10.0.219.166,HTTP,720.06,775.32,6.962,Normal
2026-06-24 20:59:50,43.128.31.100,10.0.141.156,HTTPS,1124.69,618.12,4.471,Normal
2026-06-24 21:00:27,101.171.211.203,10.0.34.150,UDP,958.06,1.0,4.883,Normal
2026-06-24 21:00:39,131.81.132.137,10.0.216.135,UDP,929.87,1870.26,8.445,Normal
2026-06-24 21:01:36,1.23.245.169,10.0.140.4,HTTP,894.51,1893.45,0.244,Normal
2026-06-24 21:02:33,161.230.43.182,10.0.238.194,UDP,435.42,1694.66,7.763,Normal
2026-06-24 21:06:32,70.175.84.149,10.0.176.84,TCP,503.79,1805.46,0.923,Normal
2026-06-24 21:06:33,141.118.95.88,10.0.122.67,TCP,732.46,250.83,5.029,Normal
2026-06-24 21:07:04,16.239.35.150,10.0.201.64,HTTP,1923.68,848.05,9.306,Normal
2026-06-24 21:09:44,192.200.78.228,10.0.92.173,UDP,764.82,443.33,4.351,Normal
2026-06-24 21:11:20,34.217.61.127,10.0.51.119,HTTP,945.48,1069.18,8.581,Normal
2026-06-24 21:12:39,8.184.135.213,10.0.27.21,TCP,97.41,1056.14,8.861,Normal
2026-06-24 21:15:47,8.51.94.186,10.0.18.205,TCP,669.35,1106.36,4.125,Normal
2026-06-24 21:17:15,193.2.231.168,10.0.86.2,TCP,1299.61,1612.62,10.898,Normal
2026-06-24 21:18:18,31.240.77.57,10.0.140.108,HTTPS,355.56,496.82,1.72,Normal
2026-06-24 21:19:15,69.154.76.177,10.0.10.19,TCP,1291.75,716.4,0.819,Normal
2026-06-24 21:22:03,33.182.110.10,10.0.72.224,HTTPS,613.28,1720.67,2.987,Normal
2026-06-24 21:22:23,57.222.7.97,10.0.30.40,TCP,923.85,1553.73,1.547,Normal
2026-06-24 21:24:36,38.125.56.227,10.0.68.37,HTTPS,1136.09,2092.44,4.185,Normal
2026-06-24 21:28:03,175.245.232.203,10.0.62.197,UDP,752.33,1901.72,4.464,Normal
2026-06-24 21:28:59,47.189.23.221,10.0.223.218,HTTPS,258.48,990.98,5.275,Normal
2026-06-24 21:29:02,142.179.131.61,10.0.18.72,HTTP,601.31,1080.7,1.184,Normal
2026-06-24 21:31:14,146.158.13.191,10.0.162.202,HTTPS,515.16,2022.32,3.548,Normal
2026-06-24 21:32:02,156.185.76.120,10.0.85.8,HTTPS,951.74,633.07,2.703,Normal
2026-06-24 21:33:50,218.249.113.194,10.0.87.224,HTTPS,1315.23,1022.87,6.403,Normal
2026-06-24 21:34:22,79.80.55.194,10.0.176.61,TCP,1215.75,548.38,5.527,Normal
2026-06-24 21:36:31,15.58.127.48,10.0.249.194,HTTP,510.71,985.62,0.914,Normal
2026-06-24 21:37:14,213.193.169.137,10.0.22.106,TCP,1003.65,2004.67,1.361,Normal
2026-06-24 21:38:44,61.239.118.168,10.0.244.110,HTTPS,620.21,2087.75,4.674,Normal
2026-06-24 21:40:45,39.47.102.118,10.0.60.74,UDP,1253.08,1958.72,0.735,Normal
2026-06-24 21:41:08,115.219.223.248,10.0.31.151,UDP,767.07,1962.03,3.4,Normal
2026-06-24 21:47:01,47.100.233.157,10.0.217.64,TCP,1030.96,1227.93,7.286,Normal
2026-06-24 21:49:47,3.17.129.131,10.0.75.66,HTTP,522.29,634.39,7.81,Normal
2026-06-24 21:51:06,219.225.33.114,10.0.187.151,HTTP,552.02,955.62,3.79,Normal
2026-06-24 21:51:24,90.2.208.32,10.0.209.40,HTTP,1147.43,985.19,5.862,Normal
2026-06-24 21:52:07,140.65.240.197,10.0.243.136,HTTPS,934.5,1.0,5.979,Normal
2026-06-24 21:52:51,121.77.25.158,10.0.137.194,UDP,1436.18,1425.04,8.234,Normal
2026-06-24 21:54:56,44.13.244.180,10.0.194.74,TCP,731.84,1207.94,7.207,Normal
2026-06-24 21:56:34,127.35.36.61,10.0.73.8,TCP,513.66,1260.09,0.513,Normal
2026-06-24 21:57:34,169.20.181.5,10.0.148.122,UDP,724.65,945.32,8.237,Normal
2026-06-24 21:57:47,23.190.195.147,10.0.213.111,HTTPS,523.87,1561.14,2.964,Normal
2026-06-24 22:01:47,83.43.163.6,10.0.250.14,HTTPS,1139.14,788.68,2.048,Normal
2026-06-24 22:04:31,181.25.40.144,10.0.168.250,UDP,1787.68,826.9,4.197,Normal
2026-06-24 22:07:18,191.41.114.33,10.0.71.106,HTTP,484.01,1277.96,4.791,Normal
2026-06-24 22:07:44,48.136.61.246,10.0.19.245,HTTPS,624.38,963.26,0.01,Normal
2026-06-24 22:11:27,27.100.108.204,10.0.123.246,UDP,1336.1,1510.19,3.635,Normal
2026-06-24 22:12:45,106.10.185.26,10.0.116.167,HTTP,943.52,1743.16,4.079,Normal
2026-06-24 22:12:45,55.70.185.115,10.0.37.213,TCP,988.5,398.57,7.813,Normal
2026-06-24 22:13:07,142.80.155.167,10.0.218.123,HTTP,398.44,1636.52,5.512,Normal
2026-06-24 22:15:20,58.10.240.28,10.0.193.62,HTTP,787.07,1518.42,4.412,Normal
2026-06-24 22:16:44,35.235.102.211,10.0.84.243,HTTPS,823.31,1282.65,6.356,Normal
2026-06-24 22:17:59,84.68.158.209,10.0.58.196,TCP,868.45,1455.43,6.207,Normal
2026-06-24 22:18:15,175.105.144.120,10.0.72.74,UDP,116.64,1579.08,13.399,Normal
2026-06-24 22:24:34,203.197.224.209,10.0.36.160,HTTPS,1147.23,38.4,4.827,Normal
2026-06-24 22:24:34,40.90.196.163,10.0.53.139,HTTP,1279.89,1481.84,5.204,Normal
2026-06-24 22:26:42,58.180.23.147,10.0.252.24,HTTPS,994.08,1056.23,6.096,Normal
2026-06-24 22:27:17,153.165.214.179,10.0.207.103,TCP,688.65,1464.82,3.954,Normal
2026-06-24 22:27:54,149.212.57.78,10.0.239.112,UDP,1107.69,1933.04,6.934,Normal
2026-06-24 22:29:23,13.247.180.158,10.0.195.171,HTTP,1314.87,878.98,7.782,Normal
2026-06-24 22:33:23,50.146.115.42,10.0.105.22,UDP,345.23,1.0,4.201,Normal
2026-06-24 22:35:25,27.34.201.167,10.0.71.188,TCP,382.23,829.17,1.896,Normal
2026-06-24 22:36:00,115.200.153.98,10.0.155.249,TCP,889.59,1201.2,5.846,Normal
2026-06-24 22:38:49,50.29.63.168,10.0.77.199,HTTP,1224.13,1037.76,7.219,Normal
2026-06-24 22:40:26,160.210.193.252,10.0.146.73,HTTP,1306.52,2023.41,2.027,Normal
2026-06-24 22:42:21,10.129.103.239,10.0.218.228,UDP,501.52,557.46,3.467,Normal
2026-06-24 22:48:46,190.220.89.11,10.0.88.37,HTTPS,1365.04,1762.18,5.214,Normal
2026-06-24 22:50:32,146.17.82.44,10.0.177.18,HTTP,1079.0,2566.46,7.913,Normal
2026-06-24 22:51:27,112.77.21.223,10.0.210.42,UDP,1234.53,829.81,7.959,Normal
2026-06-24 22:53:21,88.248.102.52,10.0.221.159,HTTP,134.26,2696.36,2.254,Normal
2026-06-24 22:57:15,50.9.191.158,10.0.227.117,TCP,1149.71,610.85,2.433,Normal
2026-06-24 22:58:10,67.50.141.9,10.0.85.141,HTTP,640.18,1037.17,4.94,Normal
2026-06-24 23:03:09,48.254.190.28,10.0.1.69,HTTPS,647.83,1029.99,6.833,Normal
2026-06-24 23:05:04,216.251.45.97,10.0.241.51,TCP,541.09,1496.96,3.128,Normal
2026-06-24 23:17:00,126.46.16.126,10.0.203.39,HTTPS,1341.04,2653.47,3.573,Normal
2026-06-24 23:22:32,124.75.88.72,10.0.204.156,UDP,552.14,649.37,1.435,Normal
2026-06-24 23:22:42,61.137.167.22,10.0.145.188,HTTP,465.85,1164.73,2.705,Normal
2026-06-24 23:23:23,45.128.137.191,10.0.182.119,HTTPS,1315.38,1237.02,5.112,Normal
2026-06-24 23:24:02,14.163.79.52,10.0.4.226,HTTP,894.73,2341.74,3.64,Normal
2026-06-24 23:24:50,191.250.232.62,10.0.54.88,UDP,344.23,911.26,9.313,Normal
2026-06-24 23:25:13,134.254.188.31,10.0.18.105,HTTP,918.77,391.92,5.632,Normal
2026-06-24 23:25:43,90.223.124.35,10.0.216.82,HTTP,55.01,598.57,0.01,Normal
2026-06-24 23:26:05,134.90.86.179,10.0.219.33,UDP,1942.99,1380.67,9.819,Normal
2026-06-24 23:26:49,172.239.3.160,10.0.6.133,TCP,803.54,1732.62,8.366,Normal
2026-06-24 23:28:21,117.36.254.113,10.0.11.54,HTTP,1329.98,1173.34,8.872,Normal
2026-06-24 23:31:29,167.245.30.193,10.0.21.86,HTTP,1.0,1.0,3.37,Normal
2026-06-24 23:34:46,90.116.73.237,10.0.54.143,TCP,895.66,1513.92,7.71,Normal
2026-06-24 23:35:45,15.163.174.161,10.0.28.11,TCP,955.05,1439.39,5.911,Normal
2026-06-24 23:39:45,99.35.62.42,10.0.225.82,UDP,1434.4,1333.19,9.151,Normal
2026-06-24 23:40:10,119.71.17.130,10.0.13.58,HTTPS,831.6,1880.21,3.916,Normal
2026-06-24 23:40:56,94.126.169.41,10.0.48.110,HTTP,603.94,472.85,1.164,Normal
2026-06-24 23:45:13,158.212.146.45,10.0.39.108,HTTPS,844.16,955.0,0.806,Normal
2026-06-24 23:45:53,113.177.77.215,10.0.122.184,HTTPS,587.42,2337.23,3.861,Normal
2026-06-24 23:48:48,61.34.126.77,10.0.50.96,TCP,626.55,1.0,6.167,Normal
2026-06-24 23:49:31,95.30.251.61,10.0.78.128,HTTP,211.55,1501.83,0.01,Normal
2026-06-24 23:50:30,182.119.202.91,10.0.125.127,HTTP,620.68,569.9,5.803,Normal
2026-06-24 23:50:31,32.186.16.114,10.0.80.5,HTTPS,605.84,740.12,1.37,Normal
2026-06-24 23:50:34,88.86.80.135,10.0.33.33,TCP,362.98,1450.42,9.993,Normal
2026-06-24 23:54:02,136.165.78.187,10.0.127.94,UDP,350.34,1203.32,2.527,Normal
2026-06-24 23:58:34,61.33.3.70,10.0.52.20,TCP,688.7,1482.27,7.005,Normal
2026-06-25 00:00:18,110.228.72.121,10.0.182.16,HTTP,916.02,2595.47,9.549,Normal
2026-06-25 00:02:57,173.155.196.148,10.0.96.188,UDP,1091.89,247.74,5.075,Normal
2026-06-25 00:03:02,65.192.152.252,10.0.89.236,HTTPS,962.91,1432.24,1.539,Normal
2026-06-25 00:07:20,157.38.17.108,10.0.122.62,UDP,553.48,1186.39,3.132,Normal
2026-06-25 00:10:42,68.164.45.131,10.0.156.61,HTTPS,898.38,1182.79,4.842,Normal
2026-06-25 00:11:41,33.90.133.70,10.0.179.249,TCP,630.83,1690.84,0.807,Normal
2026-06-25 00:12:26,140.242.195.103,10.0.15.212,HTTPS,958.2,259.77,2.827,Normal
2026-06-25 00:13:19,189.237.103.24,10.0.216.226,TCP,934.78,693.71,0.95,Normal
2026-06-25 00:13:23,49.220.221.45,10.0.88.70,HTTPS,1141.7,1338.61,5.706,Normal
2026-06-25 00:15:56,157.182.157.232,10.0.1.77,TCP,811.33,240.03,9.23,Normal
2026-06-25 00:16:06,153.185.63.88,10.0.133.132,HTTPS,1413.05,2022.64,6.802,Normal
2026-06-25 00:16:17,78.233.182.214,10.0.44.106,TCP,1249.24,2439.01,5.24,Normal
2026-06-25 00:16:54,63.197.84.177,10.0.183.170,HTTP,399.79,963.66,0.992,Normal
2026-06-25 00:17:09,88.86.190.40,10.0.94.61,TCP,738.79,1530.12,2.891,Normal
2026-06-25 00:17:28,74.3.205.130,10.0.80.129,UDP,447.5,1330.46,4.893,Normal
2026-06-25 00:21:08,104.62.71.190,10.0.17.22,UDP,1271.27,1833.83,2.734,Normal
2026-06-25 00:21:20,94.93.12.116,10.0.66.32,TCP,1589.96,1738.32,4.296,Normal
2026-06-25 00:22:13,154.137.86.123,10.0.213.146,UDP,15.66,1623.58,0.02,Normal
2026-06-25 00:23:20,13.31.220.84,10.0.5.186,HTTPS,829.15,1220.64,1.855,Normal
2026-06-25 00:24:32,117.221.11.10,10.0.25.142,HTTP,492.66,1251.6,2.618,Normal
2026-06-25 00:28:02,45.215.140.204,10.0.115.33,UDP,1223.13,1363.4,0.01,Normal
2026-06-25 00:29:20,115.192.87.217,10.0.107.188,HTTP,699.17,728.41,4.13,Normal
2026-06-25 00:29:38,98.47.6.239,10.0.71.77,HTTP,1028.74,462.3,6.071,Normal
2026-06-25 00:31:17,127.100.162.167,10.0.246.213,TCP,700.33,1323.21,2.673,Normal
2026-06-25 00:31:26,38.17.241.126,10.0.60.21,UDP,1101.86,2565.92,5.185,Normal
2026-06-25 00:34:42,220.102.38.146,10.0.211.241,UDP,602.71,2361.23,5.04,Normal
2026-06-25 00:35:09,100.134.244.16,10.0.52.212,TCP,928.72,1.0,12.234,Normal
2026-06-25 00:38:45,157.76.202.155,10.0.58.181,HTTP,784.9,251.21,7.113,Normal
2026-06-25 00:38:53,15.252.219.180,10.0.213.20,TCP,1281.08,944.04,8.495,Normal
2026-06-25 00:46:03,20.216.211.236,10.0.107.65,HTTP,209.14,1097.26,0.021,Normal
2026-06-25 00:46:51,83.242.154.157,10.0.89.97,HTTPS,1358.44,1780.95,12.253,Normal
2026-06-25 00:50:56,5.244.165.223,10.0.237.40,HTTPS,922.23,1736.28,7.257,Normal
2026-06-25 00:53:30,204.201.63.53,10.0.226.124,HTTP,262.17,729.44,4.625,Normal
2026-06-25 00:53:43,94.146.251.174,10.0.137.16,HTTPS,568.22,921.93,0.01,Normal
2026-06-25 00:57:45,6.245.64.109,10.0.11.159,TCP,953.14,2742.19,0.475,Normal
2026-06-25 00:59:14,172.211.93.16,10.0.86.192,HTTP,725.53,811.94,6.569,Normal
2026-06-25 00:59:32,96.101.97.170,10.0.106.102,HTTPS,1.0,913.73,7.283,Normal
2026-06-25 01:01:45,43.51.234.64,10.0.26.116,HTTP,1003.35,677.78,5.26,Normal
2026-06-25 01:07:41,214.22.82.184,10.0.228.57,HTTP,1066.33,1207.51,7.665,Normal
2026-06-25 01:09:33,175.121.204.38,10.0.99.70,UDP,1111.04,714.31,7.634,Normal
2026-06-25 01:13:27,105.150.77.16,10.0.144.209,TCP,1219.58,743.48,6.705,Normal
2026-06-25 01:13:50,114.241.50.103,10.0.57.206,TCP,1096.81,73.21,1.776,Normal
2026-06-25 01:14:37,193.110.54.47,10.0.233.85,HTTP,971.05,1007.86,10.279,Normal
2026-06-25 01:15:49,47.249.251.96,10.0.205.183,TCP,1370.99,2302.43,3.992,Normal
2026-06-25 01:17:38,34.109.254.123,10.0.96.170,HTTPS,997.31,1135.48,6.663,Normal
2026-06-25 01:18:51,176.223.182.240,10.0.239.12,TCP,1.0,1307.34,6.926,Normal
2026-06-25 01:19:09,14.119.94.139,10.0.64.169,UDP,1604.37,1529.39,7.178,Normal
2026-06-25 01:19:58,183.23.122.167,10.0.15.99,HTTP,766.84,893.73,9.445,Normal
2026-06-25 01:20:05,117.214.235.242,10.0.158.189,HTTP,672.36,750.75,4.338,Normal
2026-06-25 01:20:13,120.115.208.12,10.0.23.108,HTTP,702.44,1.0,2.317,Normal
2026-06-25 01:22:39,50.85.56.169,10.0.74.161,TCP,1044.34,787.84,5.239,Normal
2026-06-25 01:23:37,122.200.157.111,10.0.74.124,HTTP,369.88,1721.86,3.546,Normal
2026-06-25 01:24:21,200.168.84.135,10.0.60.85,TCP,442.5,1.0,6.221,Normal
2026-06-25 01:27:12,6.18.150.240,10.0.128.114,HTTP,455.21,1714.33,1.664,Normal
2026-06-25 01:29:06,4.215.172.18,10.0.214.8,HTTPS,525.9,864.18,6.084,Normal
2026-06-25 01:31:24,67.63.210.36,10.0.7.219,TCP,916.48,2635.61,1.828,Normal
2026-06-25 01:33:23,133.39.58.216,10.0.222.214,TCP,956.51,127.98,4.632,Normal
2026-06-25 01:39:16,215.166.94.23,10.0.151.113,TCP,497.74,1233.69,2.057,Normal
2026-06-25 01:41:00,184.186.107.166,10.0.105.91,HTTP,835.57,321.28,1.918,Normal
2026-06-25 01:41:07,126.56.15.183,10.0.109.79,UDP,1174.04,1746.74,4.698,Normal
2026-06-25 01:42:00,98.209.70.62,10.0.86.92,UDP,339.97,1627.19,1.456,Normal
2026-06-25 01:42:24,9.176.207.143,10.0.163.1,HTTP,849.88,1046.9,0.391,Normal
2026-06-25 01:45:00,11.75.194.46,10.0.251.69,TCP,179.0,1356.45,4.899,Normal
2026-06-25 01:45:44,16.110.56.35,10.0.119.17,TCP,313.8,351.89,0.01,Normal
2026-06-25 01:45:57,69.83.119.140,10.0.84.57,TCP,585.9,322.53,7.34,Normal
2026-06-25 01:46:26,210.200.52.232,10.0.174.15,HTTP,1.0,1151.76,2.995,Normal
2026-06-25 01:47:11,10.156.221.181,10.0.148.216,HTTP,625.19,1522.46,2.858,Normal
2026-06-25 01:48:08,144.1.4.114,10.0.242.2,TCP,970.74,931.16,5.436,Normal
2026-06-25 01:51:15,152.118.70.132,10.0.244.154,HTTP,408.62,2888.67,6.126,Normal
2026-06-25 01:53:33,68.151.44.119,10.0.253.18,TCP,868.2,1025.96,5.012,Normal
2026-06-25 01:55:48,209.181.105.114,10.0.179.88,HTTP,763.65,1181.5,4.357,Normal
2026-06-25 01:59:01,209.156.122.106,10.0.162.146,HTTP,1020.74,1.0,8.571,Normal
2026-06-25 01:59:23,12.29.117.158,10.0.103.31,UDP,514.58,1.0,0.866,Normal
2026-06-25 02:00:45,199.65.47.67,10.0.82.31,HTTPS,1092.6,691.95,1.773,Normal
2026-06-25 02:02:50,130.119.32.167,10.0.81.56,UDP,326.35,1251.9,5.981,Normal
2026-06-25 02:03:37,64.55.167.208,10.0.74.219,HTTPS,847.34,1466.84,4.539,Normal
2026-06-25 02:04:49,81.25.224.38,10.0.85.6,UDP,886.2,643.01,6.457,Normal
2026-06-25 02:08:44,175.173.212.231,10.0.209.238,HTTPS,1039.34,1511.8,1.708,Normal
2026-06-25 02:10:45,97.38.200.161,10.0.126.100,HTTPS,503.12,1754.61,5.104,Normal
2026-06-25 02:11:19,132.42.92.168,10.0.254.252,HTTPS,1581.88,1411.48,6.017,Normal
2026-06-25 02:12:48,173.250.30.245,10.0.240.37,TCP,591.04,917.51,7.218,Normal
2026-06-25 02:13:21,170.32.61.56,10.0.38.45,UDP,840.92,162.56,4.846,Normal
2026-06-25 02:14:15,30.22.47.31,10.0.97.19,UDP,588.63,1563.77,0.985,Normal
2026-06-25 02:17:39,66.208.164.236,10.0.37.153,TCP,1047.83,1438.4,2.701,Normal
2026-06-25 02:18:40,35.199.92.223,10.0.184.250,HTTP,645.33,1189.54,4.881,Normal
2026-06-25 02:21:31,162.192.50.17,10.0.74.218,UDP,1271.74,1535.62,0.598,Normal
2026-06-25 02:22:03,51.154.38.181,10.0.106.182,TCP,946.58,1549.86,3.521,Normal
2026-06-25 02:26:27,216.113.44.157,10.0.81.239,TCP,1139.18,2026.64,4.993,Normal
2026-06-25 02:29:01,139.16.81.183,10.0.248.132,HTTPS,654.22,1.0,5.108,Normal
2026-06-25 02:29:49,91.30.59.228,10.0.185.26,UDP,741.02,2152.97,3.133,Normal
2026-06-25 02:30:07,137.138.196.226,10.0.140.82,HTTP,662.56,261.71,6.864,Normal
2026-06-25 02:33:42,116.187.32.57,10.0.219.115,HTTP,1155.65,874.8,2.918,Normal
2026-06-25 02:34:12,154.6.20.62,10.0.114.94,HTTP,237.93,1779.68,3.889,Normal
2026-06-25 02:36:28,172.180.17.142,10.0.43.124,HTTPS,378.89,834.54,9.149,Normal
2026-06-25 02:44:17,112.182.110.39,10.0.138.14,HTTPS,854.17,2230.86,4.281,Normal
2026-06-25 02:45:58,85.106.98.249,10.0.86.87,UDP,695.38,1233.9,1.142,Normal
2026-06-25 02:46:44,82.87.177.131,10.0.151.147,HTTPS,212.54,1579.72,2.65,Normal
2026-06-25 02:48:56,162.154.232.108,10.0.238.94,UDP,1101.54,1049.34,0.01,Normal
2026-06-25 02:51:31,87.29.123.190,10.0.198.99,UDP,1328.85,1581.51,1.429,Normal
2026-06-25 02:51:37,100.242.53.145,10.0.17.75,HTTPS,720.13,677.79,10.273,Normal
2026-06-25 02:53:48,121.211.32.248,10.0.157.214,UDP,1331.45,1947.38,7.879,Normal
2026-06-25 02:53:54,101.169.201.160,10.0.157.238,HTTPS,1107.66,1466.97,6.366,Normal
2026-06-25 02:54:36,147.43.77.92,10.0.241.182,UDP,238.29,1398.62,4.092,Normal
2026-06-25 02:55:30,4.128.247.135,10.0.113.168,TCP,1238.06,761.57,5.094,Normal
2026-06-25 02:57:06,116.182.50.147,10.0.19.159,UDP,927.82,418.91,5.889,Normal
2026-06-25 02:58:36,8.218.71.10,10.0.168.173,UDP,297.21,1586.49,2.798,Normal
2026-06-25 03:01:40,178.34.213.60,10.0.35.178,HTTPS,542.25,1163.85,1.784,Normal
2026-06-25 03:02:01,218.211.34.121,10.0.117.130,HTTPS,2181.62,1371.07,3.858,Normal
2026-06-25 03:05:53,114.15.36.127,10.0.157.167,UDP,1282.22,577.8,6.448,Normal
2026-06-25 03:08:01,115.172.217.38,10.0.109.184,HTTP,1276.24,808.32,4.618,Normal
2026-06-25 03:08:29,206.201.199.224,10.0.95.82,HTTPS,390.54,1321.92,2.601,Normal
2026-06-25 03:10:52,216.12.246.59,10.0.9.193,HTTPS,1168.53,784.71,2.951,Normal
2026-06-25 03:13:19,55.151.160.250,10.0.238.136,HTTP,1032.25,373.14,3.587,Normal
2026-06-25 03:16:25,146.34.8.170,10.0.196.188,HTTPS,1417.4,1354.0,0.01,Normal
2026-06-25 03:18:33,182.55.97.132,10.0.169.238,TCP,984.88,77.27,10.587,Normal
2026-06-25 03:19:38,177.140.148.11,10.0.164.112,HTTP,696.82,1020.31,2.91,Normal
2026-06-25 03:19:48,43.213.162.8,10.0.160.35,TCP,991.88,1392.27,8.063,Normal
2026-06-25 03:22:15,50.228.186.70,10.0.143.29,TCP,1250.02,1191.95,0.01,Normal
2026-06-25 03:24:02,93.113.47.138,10.0.190.68,HTTPS,1097.04,1226.48,4.838,Normal
2026-06-25 03:26:25,129.249.1.157,10.0.9.238,UDP,1379.74,975.03,6.119,Normal
2026-06-25 03:30:29,84.195.148.238,10.0.208.17,TCP,463.42,1035.09,7.339,Normal
2026-06-25 03:31:15,165.151.28.66,10.0.236.138,TCP,534.73,802.65,1.369,Normal
2026-06-25 03:33:06,58.107.39.192,10.0.62.204,UDP,252.67,1086.27,2.541,Normal
2026-06-25 03:36:58,160.82.167.229,10.0.241.143,TCP,1018.67,1532.88,7.03,Normal
2026-06-25 03:40:54,81.49.123.207,10.0.235.54,TCP,441.42,493.33,5.94,Normal
2026-06-25 03:42:50,151.214.142.193,10.0.144.111,HTTPS,1119.57,636.26,1.714,Normal
2026-06-25 03:44:05,46.194.81.222,10.0.21.128,HTTP,1086.94,485.79,6.472,Normal
2026-06-25 03:44:28,35.209.62.65,10.0.217.223,HTTPS,551.67,1671.72,7.928,Normal
2026-06-25 03:47:05,85.10.209.228,10.0.112.132,HTTP,464.87,1621.82,8.711,Normal
2026-06-25 03:49:47,169.247.179.234,10.0.2.44,HTTPS,1329.89,1476.45,11.053,Normal
2026-06-25 03:50:22,167.70.249.106,10.0.217.11,UDP,1360.35,571.63,2.606,Normal
2026-06-25 03:51:00,36.16.124.146,10.0.62.54,HTTP,392.8,1920.25,6.211,Normal
2026-06-25 03:55:10,98.37.87.149,10.0.195.67,UDP,900.94,913.0,2.193,Normal
2026-06-25 03:55:42,18.105.251.64,10.0.125.137,HTTPS,959.64,875.04,6.716,Normal
2026-06-25 03:58:41,92.15.114.48,10.0.62.224,HTTP,827.97,554.25,2.745,Normal
2026-06-25 03:59:18,150.233.163.37,10.0.48.52,TCP,870.82,1411.2,4.538,Normal
2026-06-25 04:00:29,217.134.34.18,10.0.216.237,HTTP,1812.76,2088.06,8.358,Normal
2026-06-25 04:01:36,48.241.219.167,10.0.96.51,TCP,638.56,682.09,8.881,Normal
2026-06-25 04:04:13,125.76.234.122,10.0.196.92,HTTP,322.25,561.32,0.01,Normal
2026-06-25 04:06:12,181.246.186.21,10.0.104.186,HTTPS,551.44,810.53,2.873,Normal
2026-06-25 04:09:03,168.233.147.236,10.0.183.189,UDP,278.39,2176.34,4.75,Normal
2026-06-25 04:13:54,199.61.176.219,10.0.242.132,HTTPS,1386.26,1039.37,3.7,Normal
2026-06-25 04:17:52,136.145.148.98,10.0.104.3,HTTPS,762.68,1278.63,6.096,Normal
2026-06-25 04:18:30,103.135.54.152,10.0.190.89,HTTPS,1195.42,1224.15,1.141,Normal
2026-06-25 04:22:41,112.109.111.43,10.0.18.88,HTTPS,728.03,1709.11,9.638,Normal
2026-06-25 04:24:16,113.159.238.193,10.0.65.208,TCP,1112.47,1831.59,4.788,Normal
2026-06-25 04:24:48,144.19.10.239,10.0.126.29,TCP,1187.5,1468.99,4.463,Normal
2026-06-25 04:26:16,101.190.139.204,10.0.234.100,HTTPS,847.47,1792.35,3.3,Normal
2026-06-25 04:27:49,76.166.190.210,10.0.87.43,TCP,500.07,1058.5,4.447,Normal
2026-06-25 04:33:03,138.194.249.63,10.0.187.22,TCP,745.94,1647.85,2.744,Normal
2026-06-25 04:33:05,196.19.224.195,10.0.52.79,UDP,275.28,1602.74,2.676,Normal
2026-06-25 04:37:55,216.50.231.60,10.0.247.49,HTTP,335.64,1219.42,5.442,Normal
2026-06-25 04:38:03,41.78.3.190,10.0.85.127,HTTPS,1093.06,600.01,6.07,Normal
2026-06-25 04:38:04,11.195.159.202,10.0.159.103,UDP,783.28,1802.09,8.238,Normal
2026-06-25 04:39:15,74.94.210.120,10.0.182.32,HTTP,878.11,173.72,3.37,Normal
2026-06-25 04:40:23,146.167.176.148,10.0.58.73,UDP,1103.23,809.75,3.642,Normal
2026-06-25 04:41:15,28.100.47.123,10.0.84.12,UDP,796.43,164.79,1.224,Normal
2026-06-25 04:44:46,138.127.74.150,10.0.253.1,HTTP,653.33,2202.67,6.48,Normal
2026-06-25 04:45:36,132.25.76.11,10.0.173.155,TCP,1020.69,1455.87,3.317,Normal
2026-06-25 04:45:41,106.4.33.53,10.0.13.185,HTTPS,1050.27,441.27,10.332,Normal
2026-06-25 04:47:06,213.62.166.172,10.0.126.225,TCP,781.37,1367.32,1.976,Normal
2026-06-25 04:47:38,100.49.237.213,10.0.156.23,HTTP,1299.5,548.06,6.009,Normal
2026-06-25 04:47:59,3.107.141.132,10.0.130.235,HTTPS,469.28,1187.58,3.242,Normal
2026-06-25 04:48:40,104.129.227.80,10.0.58.90,TCP,764.84,618.36,2.129,Normal
2026-06-25 04:49:52,126.49.10.2,10.0.20.41,HTTPS,405.18,301.18,2.864,Normal
2026-06-25 04:50:16,185.247.156.148,10.0.221.174,HTTP,782.62,1299.87,6.071,Normal
2026-06-25 04:50:28,64.49.241.40,10.0.6.108,UDP,354.15,1062.42,0.222,Normal
2026-06-25 04:51:17,31.101.178.62,10.0.248.165,UDP,597.53,1588.57,4.477,Normal
2026-06-25 04:52:19,142.60.225.231,10.0.96.190,HTTPS,533.59,869.51,9.977,Normal
2026-06-25 04:53:12,18.193.191.66,10.0.74.81,HTTPS,639.5,749.57,9.928,Normal
2026-06-25 04:53:22,60.153.69.31,10.0.64.71,HTTP,878.11,1069.39,3.849,Normal
2026-06-25 04:54:56,58.51.159.98,10.0.187.38,HTTPS,552.27,1554.19,3.017,Normal
2026-06-25 04:55:02,204.205.235.44,10.0.204.249,HTTPS,1091.49,854.01,6.679,Normal
2026-06-25 04:55:18,220.121.83.103,10.0.22.80,TCP,995.15,1516.02,6.702,Normal
2026-06-25 04:56:17,220.241.79.193,10.0.53.120,HTTP,502.15,1167.18,8.497,Normal
2026-06-25 04:59:24,102.178.61.154,10.0.164.161,HTTP,718.37,1265.79,12.335,Normal
2026-06-25 05:00:08,76.33.45.165,10.0.182.68,HTTP,707.58,229.06,12.339,Normal
2026-06-25 05:00:21,184.102.89.187,10.0.137.169,TCP,1331.95,41.08,5.76,Normal
2026-06-25 05:06:40,97.157.104.79,10.0.79.77,TCP,758.01,295.73,0.01,Normal
2026-06-25 05:09:08,142.89.110.135,10.0.62.133,UDP,379.73,150.89,7.599,Normal
2026-06-25 05:11:11,195.180.196.241,10.0.63.24,UDP,890.87,2160.03,6.267,Normal
2026-06-25 05:13:38,74.53.31.51,10.0.33.146,HTTPS,1163.36,1276.12,0.01,Normal
2026-06-25 05:17:06,221.163.63.217,10.0.78.152,TCP,1250.64,1216.89,3.672,Normal
2026-06-25 05:17:08,29.118.229.13,10.0.67.22,UDP,587.46,1.0,1.324,Normal
2026-06-25 05:18:02,90.165.153.107,10.0.254.45,HTTP,532.66,1377.66,5.938,Normal
2026-06-25 05:19:29,129.7.157.158,10.0.146.160,TCP,782.72,1720.91,7.707,Normal
2026-06-25 05:19:30,105.210.167.34,10.0.53.218,TCP,1159.42,1680.43,5.83,Normal
2026-06-25 05:19:37,4.123.144.213,10.0.57.78,TCP,1189.9,1986.02,7.623,Normal
2026-06-25 05:20:22,163.138.137.226,10.0.113.58,HTTP,894.53,634.1,4.317,Normal
2026-06-25 05:21:09,208.222.217.175,10.0.171.136,TCP,1282.97,1002.47,4.358,Normal
2026-06-25 05:21:11,143.254.82.58,10.0.252.72,UDP,200.76,2160.53,5.6,Normal
2026-06-25 05:24:10,170.78.17.237,10.0.125.24,UDP,1127.51,1256.76,7.354,Normal
2026-06-25 05:24:30,158.194.21.51,10.0.70.75,HTTP,430.61,573.63,4.883,Normal
2026-06-25 05:24:33,29.49.37.225,10.0.250.145,HTTP,919.57,1605.59,1.906,Normal
2026-06-25 05:25:05,68.5.226.83,10.0.205.51,TCP,1068.03,975.1,7.269,Normal
2026-06-25 05:28:56,67.237.44.168,10.0.55.85,TCP,139.39,1454.81,2.554,Normal
2026-06-25 05:30:06,24.239.246.43,10.0.102.160,HTTP,669.72,1003.62,4.556,Normal
2026-06-25 05:37:10,173.202.221.62,10.0.74.136,UDP,868.25,1986.26,3.202,Normal
2026-06-25 05:38:25,87.197.83.69,10.0.115.247,HTTP,827.19,952.71,0.01,Normal
2026-06-25 05:39:18,95.93.186.68,10.0.23.129,HTTPS,1404.86,2282.36,5.404,Normal
2026-06-25 05:42:05,22.39.229.236,10.0.185.27,UDP,359.74,1056.94,4.656,Normal
2026-06-25 05:50:45,198.45.225.224,10.0.36.181,UDP,660.65,1936.37,2.449,Normal
2026-06-25 05:51:00,167.172.135.185,10.0.194.145,HTTPS,461.98,549.78,6.034,Normal
2026-06-25 05:53:44,24.69.215.134,10.0.248.222,HTTP,520.98,680.44,0.058,Normal
2026-06-25 05:54:48,26.228.9.6,10.0.83.51,HTTP,669.5,1093.51,3.868,Normal
2026-06-25 05:56:05,89.106.241.221,10.0.12.92,UDP,1056.09,877.01,5.744,Normal
2026-06-25 05:57:21,117.219.80.101,10.0.41.163,HTTPS,548.64,1308.86,6.246,Normal
2026-06-25 05:58:01,201.178.220.219,10.0.203.128,UDP,958.37,2136.86,1.617,Normal
2026-06-25 06:00:36,205.214.8.243,10.0.17.7,HTTP,1043.38,1071.44,0.01,Normal
2026-06-25 06:01:07,1.164.110.94,10.0.196.137,HTTP,920.62,1809.31,0.025,Normal
2026-06-25 06:03:02,101.35.53.113,10.0.175.106,TCP,506.24,1491.06,5.715,Normal
2026-06-25 06:04:41,91.118.112.66,10.0.32.211,HTTP,1129.5,1164.43,2.812,Normal
2026-06-25 06:05:17,21.172.251.215,10.0.148.11,HTTPS,985.35,281.57,5.688,Normal
2026-06-25 06:06:24,166.17.115.232,10.0.236.54,HTTPS,1663.46,1481.89,7.139,Normal
2026-06-25 06:10:30,92.102.52.113,10.0.44.150,TCP,398.67,1966.52,2.471,Normal
2026-06-25 06:11:21,25.102.88.40,10.0.89.135,UDP,1112.85,319.04,4.303,Normal
2026-06-25 06:12:03,104.137.224.235,10.0.75.137,HTTPS,975.97,1917.98,2.276,Normal
2026-06-25 06:12:55,105.22.66.12,10.0.121.254,HTTPS,1018.35,578.03,6.532,Normal
2026-06-25 06:14:29,138.113.238.207,10.0.200.6,HTTPS,1021.55,1120.15,4.64,Normal
2026-06-25 06:17:34,129.42.251.147,10.0.73.192,HTTPS,315.12,1279.54,6.113,Normal
2026-06-25 06:18:42,70.82.157.211,10.0.227.196,HTTP,1489.13,1302.57,4.661,Normal
2026-06-25 06:20:58,76.166.204.149,10.0.217.70,TCP,1172.15,737.26,9.972,Normal
2026-06-25 06:21:00,85.126.124.73,10.0.141.187,HTTP,700.05,1.0,8.365,Normal
2026-06-25 06:22:16,102.101.202.105,10.0.219.48,HTTPS,394.37,440.04,4.855,Normal
2026-06-25 06:28:09,61.36.102.84,10.0.134.137,TCP,911.33,374.37,3.097,Normal
2026-06-25 06:29:22,63.74.10.203,10.0.239.127,UDP,1174.56,272.82,4.09,Normal
2026-06-25 06:29:25,75.166.158.140,10.0.58.25,UDP,1374.9,1595.35,11.603,Normal
2026-06-25 06:30:37,16.121.174.60,10.0.0.121,TCP,785.14,587.84,5.304,Normal
2026-06-25 06:31:00,205.15.52.7,10.0.120.153,UDP,434.17,1162.35,6.847,Normal
2026-06-25 06:31:51,62.181.7.29,10.0.208.168,HTTP,118.36,1756.11,4.242,Normal
2026-06-25 06:31:51,64.213.90.20,10.0.184.50,HTTP,713.9,2269.38,4.359,Normal
2026-06-25 06:33:08,163.7.142.13,10.0.184.246,HTTPS,924.56,1420.23,9.075,Normal
2026-06-25 06:34:14,125.196.30.137,10.0.208.140,HTTPS,1398.28,1833.97,7.051,Normal
2026-06-25 06:35:02,114.250.159.11,10.0.91.99,HTTPS,591.35,1041.35,2.729,Normal
2026-06-25 06:35:05,157.240.223.56,10.0.180.26,HTTPS,1205.13,1458.43,5.5,Normal
2026-06-25 06:35:08,15.92.0.3,10.0.54.152,UDP,271.8,1712.81,2.599,Normal
2026-06-25 06:38:08,129.30.120.40,10.0.19.43,TCP,1348.3,1225.43,3.992,Normal
2026-06-25 06:39:39,120.162.117.225,10.0.245.51,HTTPS,1.0,1068.24,4.528,Normal
2026-06-25 06:39:45,207.244.179.95,10.0.152.108,HTTP,1514.13,1414.39,7.889,Normal
2026-06-25 06:41:08,81.120.199.45,10.0.52.197,UDP,981.6,1939.72,4.335,Normal
2026-06-25 06:41:56,147.151.81.57,10.0.233.43,TCP,324.99,1308.2,0.945,Normal
2026-06-25 06:45:40,175.120.188.82,10.0.181.22,TCP,1411.73,1238.75,6.717,Normal
2026-06-25 06:48:36,94.184.45.248,10.0.107.39,TCP,940.97,839.58,6.77,Normal
2026-06-25 06:52:29,209.60.110.219,10.0.132.62,HTTP,21.08,547.5,2.565,Normal
2026-06-25 06:54:25,142.150.53.5,10.0.57.116,HTTPS,1036.35,536.41,4.874,Normal
2026-06-25 06:55:25,77.192.215.92,10.0.143.3,TCP,1219.8,1706.36,9.438,Normal
2026-06-25 06:55:46,164.59.119.140,10.0.195.109,TCP,677.55,905.87,2.33,Normal
2026-06-25 07:05:14,116.173.75.65,10.0.187.184,TCP,2096.5,1832.72,5.975,Normal
2026-06-25 07:05:36,218.153.63.195,10.0.230.73,TCP,956.29,1527.19,5.695,Normal
2026-06-25 07:06:14,167.121.210.95,10.0.139.41,HTTP,1121.95,1274.24,3.24,Normal
2026-06-25 07:12:16,176.168.254.35,10.0.137.130,HTTP,807.6,1179.19,0.01,Normal
2026-06-25 07:19:24,200.212.97.186,10.0.104.204,UDP,1608.84,1227.79,2.222,Normal
2026-06-25 07:22:39,117.66.168.62,10.0.87.68,UDP,783.96,763.8,12.152,Normal
2026-06-25 07:22:52,135.211.248.219,10.0.59.144,UDP,621.45,827.88,5.445,Normal
2026-06-25 07:27:51,196.32.213.27,10.0.222.201,HTTP,1252.82,982.69,4.847,Normal
2026-06-25 07:28:58,158.91.4.83,10.0.111.139,HTTPS,149.57,1634.91,9.266,Normal
2026-06-25 07:30:14,34.228.51.206,10.0.168.36,HTTP,716.39,1607.11,3.888,Normal
2026-06-25 07:32:19,217.47.122.133,10.0.14.119,UDP,833.59,783.9,7.493,Normal
2026-06-25 07:32:47,50.181.11.27,10.0.220.121,HTTP,374.58,1319.78,0.316,Normal
2026-06-25 07:35:56,174.133.78.157,10.0.60.51,TCP,762.06,734.76,6.501,Normal
2026-06-25 07:36:42,67.55.139.135,10.0.104.198,HTTP,737.9,370.83,3.404,Normal
2026-06-25 07:37:54,220.148.71.252,10.0.164.62,HTTPS,1692.71,1635.84,4.724,Normal
2026-06-25 07:37:57,86.73.186.191,10.0.23.202,UDP,1551.35,798.65,4.78,Normal
2026-06-25 07:39:52,125.251.121.173,10.0.86.11,HTTP,1331.39,806.11,11.04,Normal
2026-06-25 07:45:54,17.32.96.207,10.0.40.208,UDP,386.55,1495.16,4.468,Normal
2026-06-25 07:45:58,94.46.157.82,10.0.47.166,UDP,811.21,1069.66,4.372,Normal
2026-06-25 07:46:03,80.60.189.171,10.0.43.65,TCP,579.19,1106.92,9.059,Normal
2026-06-25 07:47:01,201.112.144.17,10.0.49.216,HTTPS,945.42,1654.27,7.606,Normal
2026-06-25 07:52:27,183.183.37.148,10.0.137.52,UDP,1119.14,921.75,3.769,Normal
2026-06-25 07:54:35,69.201.48.131,10.0.72.51,HTTPS,648.88,1749.79,0.01,Normal
2026-06-25 07:55:17,88.137.10.20,10.0.234.10,TCP,1101.1,1266.11,1.866,Normal
2026-06-25 07:55:59,193.179.36.26,10.0.93.234,HTTPS,778.74,206.78,6.586,Normal
2026-06-25 07:57:33,86.0.155.164,10.0.246.183,HTTPS,1177.77,1281.96,8.685,Normal
2026-06-25 08:04:15,77.190.192.53,10.0.138.253,HTTPS,780.46,2348.27,4.168,Normal
2026-06-25 08:05:17,206.34.83.177,10.0.157.172,HTTP,1483.98,2560.59,1.908,Normal
2026-06-25 08:05:46,171.183.95.159,10.0.96.71,TCP,1000.43,1839.59,6.154,Normal
2026-06-25 08:07:11,197.217.60.222,10.0.126.247,TCP,783.23,1458.63,5.688,Normal
2026-06-25 08:08:47,115.51.143.175,10.0.246.140,HTTPS,2035.4,1509.58,6.454,Normal
2026-06-25 08:09:17,85.10.99.67,10.0.122.41,TCP,1147.39,108.75,0.497,Normal
2026-06-25 08:09:20,50.93.9.176,10.0.180.170,HTTPS,796.54,1.0,6.338,Normal
2026-06-25 08:12:25,43.40.95.234,10.0.240.97,HTTPS,1419.96,938.56,5.303,Normal
2026-06-25 08:12:33,149.45.139.125,10.0.114.167,TCP,1195.29,1.0,2.72,Normal
2026-06-25 08:17:48,107.14.56.251,10.0.129.159,TCP,1061.58,1057.79,7.145,Normal
2026-06-25 08:17:57,164.106.78.49,10.0.140.229,UDP,553.53,689.51,1.767,Normal
2026-06-25 08:18:00,199.154.17.188,10.0.146.99,HTTPS,1271.58,661.5,2.021,Normal
2026-06-25 08:18:24,214.70.87.245,10.0.143.68,TCP,473.37,511.9,2.179,Normal
2026-06-25 08:20:46,161.12.114.152,10.0.33.75,UDP,718.83,550.54,4.547,Normal
2026-06-25 08:21:46,61.38.114.159,10.0.83.136,HTTPS,377.5,1391.02,4.586,Normal
2026-06-25 08:21:55,92.123.210.246,10.0.65.171,HTTP,877.27,2523.92,3.429,Normal
2026-06-25 08:22:15,99.71.82.152,10.0.98.36,UDP,835.8,1057.64,1.363,Normal
2026-06-25 08:25:59,70.76.38.70,10.0.151.226,UDP,868.14,1760.81,6.179,Normal
2026-06-25 08:27:12,101.121.161.39,10.0.40.194,TCP,761.65,699.09,4.784,Normal
2026-06-25 08:29:47,94.5.47.228,10.0.86.179,HTTPS,1031.71,2511.52,5.832,Normal
2026-06-25 08:33:59,44.166.173.181,10.0.55.182,TCP,1257.04,1212.02,1.403,Normal
2026-06-25 08:34:08,92.104.173.191,10.0.205.85,HTTP,1031.46,1252.78,5.659,Normal
2026-06-25 08:34:15,74.213.69.137,10.0.207.9,TCP,2012.7,1063.48,5.766,Normal
2026-06-25 08:34:16,92.69.241.125,10.0.172.10,UDP,1110.72,143.23,7.589,Normal
2026-06-25 08:35:14,76.79.18.106,10.0.121.192,UDP,648.13,118.29,2.744,Normal
2026-06-25 08:36:42,162.248.112.15,10.0.223.48,TCP,793.18,1369.84,8.254,Normal
2026-06-25 08:40:41,178.214.161.196,10.0.106.160,HTTPS,898.8,758.55,7.104,Normal
2026-06-25 08:48:30,106.28.145.45,10.0.80.106,HTTP,1101.94,1023.26,0.01,Normal
2026-06-25 08:48:30,214.134.32.236,10.0.88.158,TCP,520.3,1100.61,1.814,Normal
2026-06-25 08:52:35,121.111.193.63,10.0.193.54,HTTPS,1022.36,921.72,6.396,Normal
2026-06-25 08:55:57,138.183.185.148,10.0.139.125,HTTPS,389.93,1810.19,6.399,Normal
2026-06-25 08:58:24,180.57.185.73,10.0.89.64,HTTP,815.88,1776.44,0.01,Normal
2026-06-25 09:01:56,147.254.193.7,10.0.22.1,TCP,574.08,1377.7,7.974,Normal
2026-06-25 09:02:19,159.26.183.254,10.0.194.116,HTTP,1070.99,753.68,3.435,Normal
2026-06-25 09:06:22,14.137.114.190,10.0.51.194,HTTP,1387.51,1217.9,6.676,Normal
2026-06-25 09:06:33,205.18.62.253,10.0.186.23,TCP,951.19,1471.52,5.963,Normal
2026-06-25 09:07:01,46.155.154.201,10.0.236.209,TCP,1164.86,766.8,5.673,Normal
2026-06-25 09:07:29,32.125.120.243,10.0.167.223,TCP,1231.6,190.92,5.338,Normal
2026-06-25 09:08:18,106.102.222.200,10.0.40.151,HTTP,1158.94,1192.13,4.05,Normal
2026-06-25 09:11:21,16.233.222.145,10.0.180.101,TCP,1565.18,1479.71,3.871,Normal
2026-06-25 09:13:15,179.63.66.16,10.0.154.197,HTTP,376.85,1978.23,1.579,Normal
2026-06-25 09:17:36,113.20.184.212,10.0.221.152,TCP,453.43,1208.34,5.034,Normal
2026-06-25 09:19:26,160.63.84.63,10.0.75.41,HTTP,1263.0,2061.78,6.588,Normal
2026-06-25 09:21:50,192.98.71.92,10.0.49.100,UDP,1290.41,1.0,4.048,Normal
2026-06-25 09:22:46,62.196.167.141,10.0.78.166,UDP,551.6,633.04,0.132,Normal
2026-06-25 09:24:02,212.185.62.51,10.0.25.121,TCP,934.63,1454.98,0.01,Normal
2026-06-25 09:25:39,122.108.2.237,10.0.186.128,UDP,863.72,1183.15,3.019,Normal
2026-06-25 09:26:00,97.251.254.196,10.0.89.199,TCP,110.25,29.02,0.946,DoS
2026-06-25 09:31:53,202.163.33.29,10.0.202.81,HTTPS,465.88,1134.31,5.512,Phishing
2026-06-25 09:34:26,103.175.160.156,10.0.5.141,HTTP,798.52,731.31,7.699,Normal
2026-06-25 09:34:53,97.218.21.178,10.0.135.223,TCP,57.04,66.43,9.517,Botnet
2026-06-25 09:36:48,195.59.251.126,10.0.223.46,TCP,836.06,608.26,4.833,Normal
2026-06-25 09:37:28,195.194.78.148,10.0.51.218,UDP,1566.17,655.84,5.013,Normal
2026-06-25 09:37:43,164.0.43.252,10.0.108.185,TCP,1520.4,1468.89,3.87,Normal
2026-06-25 09:39:16,141.103.249.29,10.0.165.34,UDP,261.52,243.06,4.828,Botnet
2026-06-25 09:40:02,101.107.218.197,10.0.185.2,HTTPS,758.97,2185.3,5.934,Normal
2026-06-25 09:40:30,14.106.86.183,10.0.167.50,TCP,45.61,38.07,0.166,DoS
2026-06-25 09:41:27,164.194.182.200,10.0.78.16,TCP,839.18,649.12,7.957,Unknown Threat
2026-06-25 09:42:39,164.194.182.200,10.0.22.149,TCP,65.32,17.07,0.085,Port Scan
2026-06-25 09:42:54,177.36.136.165,10.0.160.250,TCP,448.54,366.68,8.744,Botnet
2026-06-25 09:43:36,8.130.106.146,10.0.110.228,TCP,229.39,342.37,0.999,Botnet
2026-06-25 09:43:37,121.89.42.246,10.0.98.109,TCP,204.54,91.56,0.78,Brute Force
2026-06-25 09:44:01,211.221.41.82,10.0.181.191,UDP,1154.27,1982.6,7.386,Normal
2026-06-25 09:44:07,104.68.224.142,10.0.162.35,UDP,661.03,1279.51,3.539,Normal
2026-06-25 09:45:24,96.69.100.2,10.0.76.151,HTTP,779.66,986.03,5.741,Normal
2026-06-25 09:45:31,160.115.94.213,10.0.47.19,TCP,34.53,8.29,0.107,Port Scan
2026-06-25 09:45:47,39.132.70.37,10.0.32.234,HTTPS,871.29,605.25,3.031,Phishing
2026-06-25 09:46:06,97.218.21.178,10.0.132.234,HTTPS,414.62,1217.17,3.993,Phishing
2026-06-25 09:46:12,20.197.166.112,10.0.210.138,HTTPS,193.92,524.04,3.587,Unknown Threat
2026-06-25 09:46:52,97.218.21.178,10.0.106.130,TCP,107.34,1.15,0.826,DoS
2026-06-25 09:46:58,32.82.243.27,10.0.162.169,HTTP,570.53,1898.1,4.081,Normal
2026-06-25 09:47:29,164.194.182.200,10.0.32.122,TCP,574.01,2402.93,13.824,Malware
2026-06-25 09:47:50,114.32.214.115,10.0.180.68,TCP,1517.62,2470.23,12.222,Malware
2026-06-25 09:48:10,97.218.21.178,10.0.83.107,ICMP,45.83,32.73,0.255,DDoS
2026-06-25 09:48:42,167.125.148.158,10.0.30.66,HTTPS,813.77,2250.14,0.948,Malware
2026-06-25 09:48:43,97.218.21.178,10.0.142.126,UDP,40.15,69.79,0.471,DoS
2026-06-25 09:48:49,45.24.134.248,10.0.20.2,TCP,170.97,81.52,1.025,Brute Force
2026-06-25 09:49:01,45.24.134.248,10.0.77.16,TCP,113.63,179.48,13.008,Botnet
2026-06-25 09:50:08,68.78.179.196,10.0.12.128,TCP,40.69,5.81,0.083,Port Scan
2026-06-25 09:50:13,97.218.21.178,10.0.169.76,ICMP,239.66,203.72,5.017,Unknown Threat
2026-06-25 09:50:23,164.194.182.200,10.0.218.225,TCP,84.09,1.0,0.695,DoS
2026-06-25 09:50:35,159.47.254.81,10.0.89.185,HTTPS,927.32,714.54,0.01,Normal
2026-06-25 09:50:43,20.197.166.112,10.0.91.12,HTTPS,212.75,98.79,0.51,Brute Force
2026-06-25 09:51:41,45.24.134.248,10.0.6.133,ICMP,103.23,8.14,0.274,DDoS
2026-06-25 09:51:48,45.24.134.248,10.0.115.253,TCP,172.47,259.23,3.186,Botnet
2026-06-25 09:52:17,10.157.173.15,10.0.208.52,UDP,645.42,2173.78,6.628,Normal
2026-06-25 09:52:34,97.218.21.178,10.0.43.87,TCP,32.62,15.57,0.093,Port Scan
2026-06-25 09:54:08,114.32.214.115,10.0.48.199,UDP,128.57,44.52,0.582,DoS
2026-06-25 09:54:15,137.33.102.225,10.0.64.180,HTTPS,401.53,695.57,2.488,SQL Injection
2026-06-25 09:54:23,132.34.85.234,10.0.19.13,UDP,318.25,444.32,2.129,Normal
2026-06-25 09:55:02,45.24.134.248,10.0.171.211,TCP,25.47,1.0,0.06,Port Scan
2026-06-25 09:55:08,114.32.214.115,10.0.40.25,TCP,133.94,128.73,1.504,Brute Force
2026-06-25 09:55:13,97.218.21.178,10.0.193.54,UDP,1.0,19.3,0.352,DDoS
2026-06-25 09:55:15,101.204.159.227,10.0.32.3,HTTP,1062.25,549.23,9.238,Normal
2026-06-25 09:56:32,45.24.134.248,10.0.38.27,HTTPS,220.23,166.66,1.021,Brute Force
2026-06-25 09:56:35,20.197.166.112,10.0.30.135,HTTPS,596.99,782.87,1.747,SQL Injection
2026-06-25 09:56:37,118.128.67.233,10.0.5.140,UDP,24.28,24.05,0.178,DDoS
2026-06-25 09:56:56,97.218.21.178,10.0.106.27,UDP,33.8,29.24,0.386,DDoS
2026-06-25 09:58:12,62.28.155.152,10.0.95.47,ICMP,70.09,1.0,0.193,DDoS
2026-06-25 09:58:36,86.254.124.195,10.0.200.8,UDP,441.03,1403.36,12.282,Normal
2026-06-25 09:58:37,79.12.192.225,10.0.124.210,UDP,249.92,158.77,9.346,Botnet
2026-06-25 09:58:56,20.197.166.112,10.0.117.241,TCP,505.62,239.51,0.01,Botnet
2026-06-25 09:59:42,125.144.21.48,10.0.21.173,HTTP,556.5,1876.17,7.924,Normal
2026-06-25 10:00:10,203.204.207.217,10.0.57.5,HTTPS,1558.13,2182.48,0.01,Malware
2026-06-25 10:00:44,20.197.166.112,10.0.109.157,UDP,115.78,23.56,0.6,DoS
2026-06-25 10:00:55,49.94.21.23,10.0.82.118,TCP,45.68,59.87,1.046,DoS
2026-06-25 10:01:57,202.12.223.208,10.0.207.105,HTTPS,1111.53,1746.06,5.852,Normal
2026-06-25 10:02:14,20.197.166.112,10.0.78.118,HTTPS,192.38,91.79,0.979,Brute Force
2026-06-25 10:02:44,139.180.213.240,10.0.11.189,UDP,1348.95,1742.28,1.852,Normal
2026-06-25 10:03:37,164.194.182.200,10.0.126.200,HTTPS,663.33,649.49,3.134,SQL Injection
2026-06-25 10:04:16,114.32.214.115,10.0.140.36,TCP,39.37,1.0,0.177,Port Scan
2026-06-25 10:04:25,191.57.86.215,10.0.181.158,HTTPS,1469.77,1410.94,3.742,Normal
2026-06-25 10:04:56,99.82.112.2,10.0.151.152,UDP,551.42,885.35,1.941,Normal
2026-06-25 10:04:58,101.120.93.108,10.0.161.162,HTTPS,1154.2,783.92,10.904,Malware
2026-06-25 10:06:14,114.32.214.115,10.0.111.90,HTTPS,165.23,237.52,0.01,SQL Injection
2026-06-25 10:06:14,114.32.214.115,10.0.146.30,UDP,11.91,23.08,0.879,DoS
